[unsloth_zoo.log|WARNING]Unsloth: Could not build the patched trl.trainer.grpo_trainer, so training will use trl's own trainer instead: RuntimeError: Direct module loading failed for UnslothGRPOTrainer: Unexpected optimization option triton.enable_persistent_tma_matmul, known options are ['TYPE_CHECKING', 'enable_auto_functionalized_v2', 'debug', 'disable_progress', 'verbose_progress', 'fx_graph_cache', 'fx_graph_remote_cache', 'autotune_local_cache', 'autotune_remote_cache', 'force_disable_caches', 'sleep_sec_TESTING_ONLY', 'custom_op_default_layout_constraint', 'cpp_wrapper', 'abi_compatible', 'c_shim_version', 'dce', 'static_weight_shapes', 'size_asserts', 'nan_asserts', 'pick_loop_orders', 'inplace_buffers', 'allow_buffer_reuse', 'memory_planning', 'memory_pool', 'benchmark_harness', 'epilogue_fusion', 'epilogue_fusion_first', 'pattern_matcher', 'b2b_gemm_pass', 'post_grad_custom_pre_pass', 'post_grad_custom_post_pass', 'joint_custom_pre_pass', 'joint_custom_post_pass', 'pre_grad_custom_pass', '_pre_fusion_custom_pass', 'split_cat_fx_passes', 'efficient_conv_bn_eval_fx_passes', 'is_predispatch', 'group_fusion', 'batch_fusion', 'pre_grad_fusion_options', 'post_grad_fusion_options', 'reorder_for_locality', 'dynamic_scale_rblock', 'force_fuse_int_mm_with_mul', 'use_mixed_mm', 'fx_passes_numeric_check', 'mixed_mm_choice', 'reorder_for_compute_comm_overlap', 'reorder_for_compute_comm_overlap_passes', 'estimate_op_runtime', 'intra_node_bw', 'inter_node_bw', 'max_autotune', 'max_autotune_pointwise', 'max_autotune_gemm', 'force_same_precision', 'max_autotune_gemm_backends', 'max_autotune_conv_backends', 'max_autotune_gemm_search_space', 'autotune_fallback_to_aten', 'unbacked_symint_fallback', 'search_autotune_cache', 'save_args', 'autotune_in_subproc', 'max_autotune_subproc_result_timeout_seconds', 'max_autotune_subproc_graceful_timeout_seconds', 'max_autotune_subproc_terminate_timeout_seconds', 'autotune_multi_device', 'coordinate_descent_tuning', 'coordinate_descent_check_all_directions', 'coordinate_descent_search_radius', 'autoheuristic_collect', 'autoheuristic_use', 'autoheuristic_log_path', 'layout_opt_default', 'layout_optimization', 'force_layout_optimization', 'keep_output_stride', 'warn_mix_layout', 'realize_reads_threshold', 'realize_opcount_threshold', 'realize_acc_reads_threshold', 'fallback_random', 'implicit_fallbacks', 'aggressive_fusion', 'debug_fusion', 'benchmark_fusion', 'enabled_metric_tables', 'loop_ordering_after_fusion', 'benchmark_epilogue_fusion', 'max_epilogue_benchmarked_choices', 'max_fusion_size', 'max_pointwise_cat_inputs', 'unroll_reductions_threshold', 'comment_origin', 'conv_1x1_as_mm', 'split_reductions', 'benchmark_kernel', 'constant_and_index_propagation', 'always_keep_tensor_constants', 'assert_indirect_indexing', 'compute_all_bounds', 'combo_kernels', 'benchmark_combo_kernel', 'combo_kernels_autotune', 'combo_kernel_allow_mixed_sizes', 'combo_kernel_foreach_dynamic_shapes', 'joint_graph_constant_folding', 'debug_index_asserts', 'emulate_precision_casts', 'is_nightly_or_source', 'developer_warnings', 'optimize_scatter_upon_const_tensor', 'worker_start_method', '_fuse_ddp_communication', '_fuse_ddp_bucket_size', '_fuse_ddp_communication_passes', '_micro_pipeline_tp', 'compile_threads', 'global_cache_dir', 'kernel_name_max_ops', 'shape_padding', 'comprehensive_padding', 'pad_channels_last', 'disable_padding_cpu', 'padding_alignment_bytes', 'padding_stride_threshold', 'pad_outputs', 'bw_outputs_user_visible', 'force_shape_pad', 'permute_fusion', 'profiler_mark_wrapper_call', 'generate_intermediate_hooks', 'debug_ir_traceback', '_raise_error_for_testing', '_profile_var', 'profile_bandwidth', 'profile_bandwidth_regex', 'profile_bandwidth_output', 'profile_bandwidth_with_do_bench_using_profiling', 'disable_cpp_codegen', 'freezing', 'freezing_discard_parameters', 'allow_stack_allocation', 'use_minimal_arrayref_interface', 'decompose_mem_bound_mm', 'assume_aligned_inputs', 'unsafe_ignore_unsupported_triton_autotune_args', 'check_stack_no_cycles_TESTING_ONLY', 'cpp.threads', 'cpp.no_redundant_loops', 'cpp.dynamic_threads', 'cpp.simdlen', 'cpp.min_chunk_size', 'cpp.cxx', 'cpp.enable_kernel_profile', 'cpp.weight_prepack', 'cpp.inject_relu_bug_TESTING_ONLY', 'cpp.inject_log1p_bug_TESTING_ONLY', 'cpp.vec_isa_ok', 'cpp.descriptive_names', 'cpp.max_horizontal_fusion_size', 'cpp.fallback_scatter_reduce_sum', 'cpp.enable_unsafe_math_opt_flag', 'cpp.enable_floating_point_contract_flag', 'cpp.enable_tiling_heuristics', 'cpp.gemm_max_k_slices', 'cpp.gemm_cache_blocking', 'cpp.gemm_thread_factors', 'cpp.enable_loop_tail_vec', 'triton.cudagraphs', 'triton.cudagraph_trees', 'triton.cudagraph_skip_dynamic_graphs', 'triton.slow_path_cudagraph_asserts', 'triton.cudagraph_trees_history_recording', 'triton.cudagraph_support_input_mutation', 'triton.cudagraph_unexpected_rerecord_limit', 'triton.cudagraph_dynamic_shape_warn_limit', 'triton.force_cudagraph_sync', 'triton.force_cudagraphs_warmup', 'triton.fast_path_cudagraph_asserts', 'triton.skip_cudagraph_warmup', 'triton.debug_sync_graph', 'triton.debug_sync_kernel', 'triton.dense_indexing', 'triton.max_tiles', 'triton.prefer_nd_tiling', 'triton.autotune_pointwise', 'triton.autotune_cublasLt', 'triton.autotune_at_compile_time', 'triton.tiling_prevents_pointwise_fusion', 'triton.tiling_prevents_reduction_fusion', 'triton.unique_kernel_names', 'triton.descriptive_names', 'triton.persistent_reductions', 'triton.multi_kernel', 'triton.divisible_by_16', 'triton.min_split_scan_rblock', 'triton.store_cubin', 'triton.spill_threshold', 'triton.use_block_ptr', 'triton.inject_relu_bug_TESTING_ONLY', 'triton.codegen_upcast_to_fp32', 'aot_inductor.output_path', 'aot_inductor.debug_compile', 'aot_inductor.debug_dump_consts_bin', 'aot_inductor.debug_intermediate_value_printer', 'aot_inductor.filtered_kernel_names', 'aot_inductor.serialized_in_spec', 'aot_inductor.serialized_out_spec', 'aot_inductor.use_runtime_constant_folding', 'aot_inductor.force_mmap_weights', 'aot_inductor.package', 'cuda.arch', 'cuda.version', 'cuda.compile_opt_level', 'cuda.enable_cuda_lto', 'cuda.enable_ptxas_info', 'cuda.enable_debug_info', 'cuda.use_fast_math', 'cuda.cutlass_dir', 'cuda.cutlass_max_profiling_configs', 'cuda.cuda_cxx', 'cuda.cutlass_backend_min_gemm_size', 'cuda.generate_test_runner', 'cuda.cutlass_op_allowlist_regex', 'cuda.cutlass_op_denylist_regex', 'rocm.arch', 'rocm.ck_supported_arch', 'rocm.compile_opt_level', 'rocm.is_debug', 'rocm.save_temps', 'rocm.use_fast_math', 'rocm.flush_denormals', 'rocm.print_kernel_resource_usage', 'rocm.rocm_home', 'rocm.ck_dir', 'rocm.n_max_profiling_configs', 'rocm.use_preselected_instances', 'cpu_backend', 'cuda_backend', 'halide.cpu_target', 'halide.gpu_target', 'halide.scheduler_cuda', 'halide.scheduler_cpu', 'halide.asserts', 'halide.debug', 'halide.scan_kernels', 'trace.enabled', 'trace.debug_dir', 'trace.debug_log', 'trace.info_log', 'trace.fx_graph', 'trace.fx_graph_transformed', 'trace.ir_pre_fusion', 'trace.ir_post_fusion', 'trace.output_code', 'trace.graph_diagram', 'trace.draw_orig_fx_graph', 'trace.dot_graph_shape', 'trace.log_url_for_graph_xform', 'trace.compile_profile', 'trace.upload_tar', 'trace.log_autotuning_results', '_save_config_ignore', '_cache_config_ignore_prefix']
🦥 Unsloth: Will patch your computer to enable 2x faster free finetuning.
🦥 Unsloth Zoo will now patch everything to make training faster!
==((====))==  Unsloth 2026.8.19: Fast Qwen2 patching. Transformers: 5.5.0.
   \\   /|    NVIDIA A100-SXM4-80GB. Num GPUs = 1. Max memory: 79.251 GB. Platform: Linux.
O^O/ \_/ \    Torch: 2.5.1+cu121. CUDA: 8.0. CUDA Toolkit: 12.1. Triton: 3.1.0
\        /    Bfloat16 = TRUE. FA [Xformers = 0.0.28.post3. FA2 = False]
 "-____-"     Free license: http://github.com/unslothai/unsloth
Unsloth: Fast downloading is enabled - ignore downloading bars which are red colored!

Loading weights:   0%|          | 0/338 [00:00<?, ?it/s]
Loading weights:   0%|          | 1/338 [00:01<08:17,  1.48s/it]
Loading weights:   4%|▍         | 15/338 [00:01<00:26, 12.41it/s]
Loading weights:   6%|▌         | 21/338 [00:01<00:19, 16.68it/s]
Loading weights:   8%|▊         | 28/338 [00:01<00:13, 22.75it/s]
Loading weights:  12%|█▏        | 39/338 [00:02<00:08, 33.33it/s]
Loading weights:  13%|█▎        | 45/338 [00:02<00:08, 34.92it/s]
Loading weights:  15%|█▌        | 52/338 [00:02<00:07, 39.29it/s]
Loading weights:  19%|█▊        | 63/338 [00:02<00:06, 43.55it/s]
Loading weights:  22%|██▏       | 75/338 [00:02<00:05, 52.50it/s]
Loading weights:  24%|██▍       | 82/338 [00:02<00:04, 52.05it/s]
Loading weights:  26%|██▌       | 88/338 [00:02<00:05, 49.70it/s]
Loading weights:  29%|██▉       | 99/338 [00:03<00:04, 56.61it/s]
Loading weights:  31%|███       | 105/338 [00:03<00:04, 54.49it/s]
Loading weights:  33%|███▎      | 113/338 [00:03<00:03, 57.93it/s]
Loading weights:  37%|███▋      | 125/338 [00:03<00:03, 68.41it/s]
Loading weights:  41%|████      | 137/338 [00:03<00:02, 76.29it/s]
Loading weights:  44%|████▍     | 149/338 [00:03<00:02, 81.96it/s]
Loading weights:  48%|████▊     | 161/338 [00:03<00:02, 86.09it/s]
Loading weights:  51%|█████     | 173/338 [00:03<00:01, 89.05it/s]
Loading weights:  55%|█████▍    | 185/338 [00:04<00:01, 91.31it/s]
Loading weights:  58%|█████▊    | 197/338 [00:04<00:01, 92.90it/s]
Loading weights:  62%|██████▏   | 209/338 [00:04<00:01, 93.35it/s]
Loading weights:  65%|██████▌   | 221/338 [00:04<00:01, 93.83it/s]
Loading weights:  69%|██████▉   | 233/338 [00:04<00:01, 94.02it/s]
Loading weights:  72%|███████▏  | 245/338 [00:04<00:00, 94.31it/s]
Loading weights:  76%|███████▌  | 257/338 [00:04<00:00, 94.47it/s]
Loading weights:  80%|███████▉  | 269/338 [00:04<00:00, 95.87it/s]
Loading weights:  86%|████████▋ | 292/338 [00:05<00:00, 127.76it/s]
Loading weights:  93%|█████████▎| 315/338 [00:05<00:00, 148.64it/s]
Loading weights: 100%|██████████| 338/338 [00:05<00:00, 63.87it/s] 
The tokenizer you are loading from '/rds/user/ein21/hpc-work/muta-round2/bases/incumbent-muta-merged' with an incorrect regex pattern: https://huggingface.co/mistralai/Mistral-Small-3.1-24B-Instruct-2503/discussions/84#69121093e8b480e709447d5e. This will lead to incorrect tokenization. You should set the `fix_mistral_regex=True` flag when loading this tokenizer to fix this issue.
The tokenizer you are loading from '/rds/user/ein21/hpc-work/muta-round2/bases/incumbent-muta-merged' with an incorrect regex pattern: https://huggingface.co/mistralai/Mistral-Small-3.1-24B-Instruct-2503/discussions/84#69121093e8b480e709447d5e. This will lead to incorrect tokenization. You should set the `fix_mistral_regex=True` flag when loading this tokenizer to fix this issue.
Unsloth 2026.8.19 patched 28 layers with 28 QKV layers, 28 O layers and 28 MLP layers.

Generating train split: 0 examples [00:00, ? examples/s]
Generating train split: 1000 examples [00:00, 2045.50 examples/s]
Generating train split: 2832 examples [00:00, 5724.61 examples/s]
Generating train split: 4600 examples [00:00, 8641.49 examples/s]
Generating train split: 6446 examples [00:00, 11177.91 examples/s]
Generating train split: 8186 examples [00:00, 12853.66 examples/s]
Generating train split: 10048 examples [00:00, 14455.37 examples/s]
Generating train split: 12000 examples [00:01, 15856.24 examples/s]
Generating train split: 14000 examples [00:01, 17003.78 examples/s]
Generating train split: 16000 examples [00:01, 17823.88 examples/s]
Generating train split: 18000 examples [00:01, 18142.77 examples/s]
Generating train split: 20000 examples [00:01, 18576.71 examples/s]
Generating train split: 22000 examples [00:01, 18914.82 examples/s]
Generating train split: 24000 examples [00:01, 19040.28 examples/s]
Generating train split: 26038 examples [00:01, 19429.68 examples/s]
Generating train split: 28076 examples [00:01, 19706.69 examples/s]
Generating train split: 30110 examples [00:02, 19890.43 examples/s]
Generating train split: 32130 examples [00:02, 19980.25 examples/s]
Generating train split: 34142 examples [00:02, 20019.87 examples/s]
Generating train split: 36244 examples [00:02, 20316.18 examples/s]
Generating train split: 38349 examples [00:02, 20533.99 examples/s]
Generating train split: 40465 examples [00:02, 20716.98 examples/s]
Generating train split: 42637 examples [00:02, 21015.61 examples/s]
Generating train split: 45790 examples [00:02, 21014.59 examples/s]
Generating train split: 47941 examples [00:02, 21146.06 examples/s]
Generating train split: 50058 examples [00:02, 21045.42 examples/s]
Generating train split: 53104 examples [00:03, 20765.66 examples/s]
Generating train split: 56033 examples [00:03, 20228.08 examples/s]
Generating train split: 58940 examples [00:03, 19862.02 examples/s]
Generating train split: 61633 examples [00:03, 19249.13 examples/s]
Generating train split: 64433 examples [00:03, 19064.83 examples/s]
Generating train split: 66443 examples [00:03, 19299.66 examples/s]
Generating train split: 68469 examples [00:03, 19532.71 examples/s]
Generating train split: 70445 examples [00:04, 19588.92 examples/s]
Generating train split: 72507 examples [00:04, 19867.24 examples/s]
Generating train split: 74528 examples [00:04, 19961.38 examples/s]
Generating train split: 76636 examples [00:04, 20277.32 examples/s]
Generating train split: 78762 examples [00:04, 20558.22 examples/s]
Generating train split: 81848 examples [00:04, 20560.63 examples/s]
Generating train split: 84693 examples [00:04, 19994.48 examples/s]
Generating train split: 87523 examples [00:04, 19613.34 examples/s]
Generating train split: 90566 examples [00:05, 19827.84 examples/s]
Generating train split: 92787 examples [00:05, 20388.00 examples/s]
Generating train split: 94993 examples [00:05, 20808.12 examples/s]
Generating train split: 98139 examples [00:05, 20863.06 examples/s]
Generating train split: 100338 examples [00:05, 21143.37 examples/s]
Generating train split: 102630 examples [00:05, 21608.58 examples/s]
Generating train split: 104907 examples [00:05, 21925.32 examples/s]
Generating train split: 107138 examples [00:05, 22020.78 examples/s]
Generating train split: 110199 examples [00:05, 21411.88 examples/s]
Generating train split: 113020 examples [00:06, 20498.95 examples/s]
Generating train split: 116000 examples [00:06, 20014.50 examples/s]
Generating train split: 118962 examples [00:06, 19792.08 examples/s]
Generating train split: 121546 examples [00:06, 18990.16 examples/s]
Generating train split: 124332 examples [00:06, 18858.46 examples/s]
Generating train split: 126233 examples [00:06, 18890.99 examples/s]
Generating train split: 128153 examples [00:06, 18963.34 examples/s]
Generating train split: 130159 examples [00:06, 19244.29 examples/s]
Generating train split: 132212 examples [00:07, 19590.65 examples/s]
Generating train split: 134250 examples [00:07, 19809.43 examples/s]
Generating train split: 137210 examples [00:07, 19778.62 examples/s]
Generating train split: 139225 examples [00:07, 19874.17 examples/s]
Generating train split: 142000 examples [00:07, 19356.42 examples/s]
Generating train split: 143960 examples [00:07, 19416.66 examples/s]
Generating train split: 146911 examples [00:07, 19505.29 examples/s]
Generating train split: 148948 examples [00:07, 19722.15 examples/s]
Generating train split: 150961 examples [00:08, 19828.60 examples/s]
Generating train split: 152967 examples [00:08, 19888.11 examples/s]
Generating train split: 155902 examples [00:08, 19763.21 examples/s]
Generating train split: 157989 examples [00:08, 20048.36 examples/s]
Generating train split: 160019 examples [00:08, 20055.31 examples/s]
Generating train split: 162107 examples [00:08, 20280.89 examples/s]
Generating train split: 165116 examples [00:08, 20193.79 examples/s]
Generating train split: 168161 examples [00:08, 20228.11 examples/s]
Generating train split: 170249 examples [00:08, 20387.91 examples/s]
Generating train split: 173277 examples [00:09, 20314.40 examples/s]
Generating train split: 175405 examples [00:09, 20551.36 examples/s]
Generating train split: 178459 examples [00:09, 20481.12 examples/s]
Generating train split: 181387 examples [00:09, 20159.94 examples/s]
Generating train split: 183439 examples [00:09, 20242.93 examples/s]
Generating train split: 186287 examples [00:09, 19813.95 examples/s]
Generating train split: 188969 examples [00:09, 19178.22 examples/s]
Generating train split: 191693 examples [00:10, 18850.94 examples/s]
Generating train split: 193628 examples [00:10, 18964.42 examples/s]
Generating train split: 196400 examples [00:10, 18798.78 examples/s]
Generating train split: 198301 examples [00:10, 18846.34 examples/s]
Generating train split: 200213 examples [00:10, 18912.92 examples/s]
Generating train split: 202220 examples [00:10, 19221.83 examples/s]
Generating train split: 205165 examples [00:10, 19368.71 examples/s]
Generating train split: 207247 examples [00:10, 19740.50 examples/s]
Generating train split: 209317 examples [00:10, 19994.82 examples/s]
Generating train split: 212052 examples [00:11, 19346.14 examples/s]
Generating train split: 214898 examples [00:11, 19205.71 examples/s]
Generating train split: 217652 examples [00:11, 18924.74 examples/s]
Generating train split: 220503 examples [00:11, 18945.82 examples/s]
Generating train split: 223296 examples [00:11, 18840.38 examples/s]
Generating train split: 225211 examples [00:11, 18910.17 examples/s]
Generating train split: 227134 examples [00:11, 18986.70 examples/s]
Generating train split: 229864 examples [00:12, 18710.20 examples/s]
Generating train split: 232445 examples [00:12, 18209.59 examples/s]
Generating train split: 235063 examples [00:12, 17963.87 examples/s]
Generating train split: 237059 examples [00:12, 18390.62 examples/s]
Generating train split: 239000 examples [00:12, 18525.77 examples/s]
Generating train split: 240897 examples [00:12, 18638.15 examples/s]
Generating train split: 243580 examples [00:12, 18364.09 examples/s]
Generating train split: 246344 examples [00:12, 18383.71 examples/s]
Generating train split: 248308 examples [00:13, 18688.33 examples/s]
Generating train split: 250271 examples [00:13, 18930.81 examples/s]
Generating train split: 252223 examples [00:13, 19087.89 examples/s]
Generating train split: 255000 examples [00:13, 18865.04 examples/s]
Generating train split: 257776 examples [00:13, 18739.13 examples/s]
Generating train split: 259682 examples [00:13, 18815.51 examples/s]
Generating train split: 261695 examples [00:13, 19156.28 examples/s]
Generating train split: 263789 examples [00:13, 19638.32 examples/s]
Generating train split: 265810 examples [00:13, 19795.69 examples/s]
Generating train split: 268612 examples [00:14, 19374.58 examples/s]
Generating train split: 271427 examples [00:14, 19158.66 examples/s]
Generating train split: 273387 examples [00:14, 19266.04 examples/s]
Generating train split: 275467 examples [00:14, 19667.51 examples/s]
Generating train split: 277515 examples [00:14, 19887.68 examples/s]
Generating train split: 279674 examples [00:14, 20362.26 examples/s]
Generating train split: 282000 examples [00:14, 21156.88 examples/s]
Generating train split: 284405 examples [00:14, 21992.14 examples/s]
Generating train split: 286817 examples [00:14, 22612.50 examples/s]
Generating train split: 289200 examples [00:15, 22856.93 examples/s]
Generating train split: 292665 examples [00:15, 22946.55 examples/s]
Generating train split: 295011 examples [00:15, 23083.27 examples/s]
Generating train split: 297389 examples [00:15, 23274.95 examples/s]
Generating train split: 299783 examples [00:15, 23461.07 examples/s]
Generating train split: 300350 examples [00:15, 19271.18 examples/s]

tokenizing completion-masked chat examples:   0%|          | 0/20000 [00:00<?, ? examples/s]
tokenizing completion-masked chat examples:   1%|          | 129/20000 [00:00<00:19, 1039.18 examples/s]
tokenizing completion-masked chat examples:   1%|▏         | 285/20000 [00:00<00:15, 1310.70 examples/s]
tokenizing completion-masked chat examples:   2%|▏         | 442/20000 [00:00<00:13, 1420.01 examples/s]
tokenizing completion-masked chat examples:   3%|▎         | 599/20000 [00:00<00:13, 1471.87 examples/s]
tokenizing completion-masked chat examples:   4%|▍         | 755/20000 [00:00<00:12, 1499.22 examples/s]
tokenizing completion-masked chat examples:   5%|▍         | 912/20000 [00:00<00:12, 1520.18 examples/s]
tokenizing completion-masked chat examples:   5%|▌         | 1075/20000 [00:00<00:20, 929.47 examples/s]
tokenizing completion-masked chat examples:   6%|▌         | 1232/20000 [00:01<00:17, 1065.58 examples/s]
tokenizing completion-masked chat examples:   7%|▋         | 1387/20000 [00:01<00:15, 1178.32 examples/s]
tokenizing completion-masked chat examples:   8%|▊         | 1546/20000 [00:01<00:14, 1280.98 examples/s]
tokenizing completion-masked chat examples:   9%|▊         | 1705/20000 [00:01<00:13, 1359.44 examples/s]
tokenizing completion-masked chat examples:   9%|▉         | 1866/20000 [00:01<00:12, 1424.55 examples/s]
tokenizing completion-masked chat examples:  10%|█         | 2078/20000 [00:01<00:13, 1314.37 examples/s]
tokenizing completion-masked chat examples:  11%|█         | 2236/20000 [00:01<00:12, 1377.54 examples/s]
tokenizing completion-masked chat examples:  12%|█▏        | 2393/20000 [00:01<00:12, 1423.97 examples/s]
tokenizing completion-masked chat examples:  13%|█▎        | 2552/20000 [00:01<00:11, 1466.28 examples/s]
tokenizing completion-masked chat examples:  14%|█▎        | 2710/20000 [00:02<00:11, 1497.40 examples/s]
tokenizing completion-masked chat examples:  14%|█▍        | 2867/20000 [00:02<00:11, 1516.31 examples/s]
tokenizing completion-masked chat examples:  15%|█▌        | 3075/20000 [00:02<00:12, 1369.20 examples/s]
tokenizing completion-masked chat examples:  16%|█▌        | 3228/20000 [00:02<00:11, 1408.34 examples/s]
tokenizing completion-masked chat examples:  17%|█▋        | 3385/20000 [00:02<00:11, 1448.17 examples/s]
tokenizing completion-masked chat examples:  18%|█▊        | 3543/20000 [00:02<00:11, 1482.73 examples/s]
tokenizing completion-masked chat examples:  18%|█▊        | 3698/20000 [00:02<00:10, 1500.61 examples/s]
tokenizing completion-masked chat examples:  19%|█▉        | 3858/20000 [00:02<00:10, 1525.85 examples/s]
tokenizing completion-masked chat examples:  20%|██        | 4077/20000 [00:02<00:11, 1371.20 examples/s]
tokenizing completion-masked chat examples:  21%|██        | 4233/20000 [00:03<00:11, 1416.51 examples/s]
tokenizing completion-masked chat examples:  22%|██▏       | 4392/20000 [00:03<00:10, 1460.11 examples/s]
tokenizing completion-masked chat examples:  23%|██▎       | 4550/20000 [00:03<00:10, 1489.41 examples/s]
tokenizing completion-masked chat examples:  24%|██▎       | 4709/20000 [00:03<00:10, 1515.35 examples/s]
tokenizing completion-masked chat examples:  24%|██▍       | 4867/20000 [00:03<00:09, 1533.01 examples/s]
tokenizing completion-masked chat examples:  25%|██▌       | 5077/20000 [00:03<00:10, 1384.88 examples/s]
tokenizing completion-masked chat examples:  26%|██▌       | 5232/20000 [00:03<00:10, 1425.00 examples/s]
tokenizing completion-masked chat examples:  27%|██▋       | 5388/20000 [00:03<00:10, 1458.97 examples/s]
tokenizing completion-masked chat examples:  28%|██▊       | 5543/20000 [00:03<00:09, 1483.07 examples/s]
tokenizing completion-masked chat examples:  28%|██▊       | 5700/20000 [00:04<00:09, 1504.51 examples/s]
tokenizing completion-masked chat examples:  29%|██▉       | 5858/20000 [00:04<00:09, 1522.27 examples/s]
tokenizing completion-masked chat examples:  30%|███       | 6077/20000 [00:04<00:10, 1367.16 examples/s]
tokenizing completion-masked chat examples:  31%|███       | 6230/20000 [00:04<00:09, 1405.00 examples/s]
tokenizing completion-masked chat examples:  32%|███▏      | 6389/20000 [00:04<00:09, 1450.65 examples/s]
tokenizing completion-masked chat examples:  33%|███▎      | 6546/20000 [00:04<00:09, 1481.51 examples/s]
tokenizing completion-masked chat examples:  34%|███▎      | 6702/20000 [00:04<00:08, 1501.12 examples/s]
tokenizing completion-masked chat examples:  34%|███▍      | 6861/20000 [00:04<00:08, 1525.83 examples/s]
tokenizing completion-masked chat examples:  35%|███▌      | 7077/20000 [00:05<00:09, 1374.22 examples/s]
tokenizing completion-masked chat examples:  36%|███▌      | 7235/20000 [00:05<00:08, 1423.85 examples/s]
tokenizing completion-masked chat examples:  37%|███▋      | 7389/20000 [00:05<00:08, 1452.72 examples/s]
tokenizing completion-masked chat examples:  38%|███▊      | 7543/20000 [00:05<00:08, 1475.62 examples/s]
tokenizing completion-masked chat examples:  38%|███▊      | 7699/20000 [00:05<00:08, 1497.57 examples/s]
tokenizing completion-masked chat examples:  39%|███▉      | 7854/20000 [00:05<00:08, 1508.22 examples/s]
tokenizing completion-masked chat examples:  40%|████      | 8076/20000 [00:05<00:08, 1376.49 examples/s]
tokenizing completion-masked chat examples:  41%|████      | 8231/20000 [00:05<00:08, 1417.81 examples/s]
tokenizing completion-masked chat examples:  42%|████▏     | 8387/20000 [00:05<00:07, 1451.95 examples/s]
tokenizing completion-masked chat examples:  43%|████▎     | 8543/20000 [00:06<00:07, 1480.62 examples/s]
tokenizing completion-masked chat examples:  43%|████▎     | 8699/20000 [00:06<00:07, 1500.41 examples/s]
tokenizing completion-masked chat examples:  44%|████▍     | 8859/20000 [00:06<00:07, 1526.72 examples/s]
tokenizing completion-masked chat examples:  45%|████▌     | 9077/20000 [00:06<00:07, 1369.43 examples/s]
tokenizing completion-masked chat examples:  46%|████▌     | 9231/20000 [00:06<00:07, 1409.54 examples/s]
tokenizing completion-masked chat examples:  47%|████▋     | 9388/20000 [00:06<00:07, 1449.49 examples/s]
tokenizing completion-masked chat examples:  48%|████▊     | 9545/20000 [00:06<00:07, 1479.34 examples/s]
tokenizing completion-masked chat examples:  48%|████▊     | 9698/20000 [00:06<00:06, 1493.33 examples/s]
tokenizing completion-masked chat examples:  49%|████▉     | 9855/20000 [00:06<00:06, 1513.11 examples/s]
tokenizing completion-masked chat examples:  50%|█████     | 10075/20000 [00:07<00:07, 1373.84 examples/s]
tokenizing completion-masked chat examples:  51%|█████     | 10227/20000 [00:07<00:06, 1405.94 examples/s]
tokenizing completion-masked chat examples:  52%|█████▏    | 10383/20000 [00:07<00:06, 1444.82 examples/s]
tokenizing completion-masked chat examples:  53%|█████▎    | 10542/20000 [00:07<00:06, 1481.73 examples/s]
tokenizing completion-masked chat examples:  54%|█████▎    | 10700/20000 [00:07<00:06, 1506.57 examples/s]
tokenizing completion-masked chat examples:  54%|█████▍    | 10859/20000 [00:07<00:05, 1528.32 examples/s]
tokenizing completion-masked chat examples:  55%|█████▌    | 11078/20000 [00:07<00:06, 1372.30 examples/s]
tokenizing completion-masked chat examples:  56%|█████▌    | 11232/20000 [00:07<00:06, 1412.55 examples/s]
tokenizing completion-masked chat examples:  57%|█████▋    | 11386/20000 [00:08<00:05, 1444.01 examples/s]
tokenizing completion-masked chat examples:  58%|█████▊    | 11542/20000 [00:08<00:05, 1472.99 examples/s]
tokenizing completion-masked chat examples:  59%|█████▊    | 11701/20000 [00:08<00:05, 1504.03 examples/s]
tokenizing completion-masked chat examples:  59%|█████▉    | 11860/20000 [00:08<00:05, 1523.80 examples/s]
tokenizing completion-masked chat examples:  60%|██████    | 12076/20000 [00:08<00:05, 1377.18 examples/s]
tokenizing completion-masked chat examples:  61%|██████    | 12230/20000 [00:08<00:05, 1415.47 examples/s]
tokenizing completion-masked chat examples:  62%|██████▏   | 12388/20000 [00:08<00:05, 1456.97 examples/s]
tokenizing completion-masked chat examples:  63%|██████▎   | 12546/20000 [00:08<00:05, 1488.18 examples/s]
tokenizing completion-masked chat examples:  64%|██████▎   | 12700/20000 [00:08<00:04, 1499.48 examples/s]
tokenizing completion-masked chat examples:  64%|██████▍   | 12856/20000 [00:08<00:04, 1513.75 examples/s]
tokenizing completion-masked chat examples:  65%|██████▌   | 13075/20000 [00:09<00:05, 1367.68 examples/s]
tokenizing completion-masked chat examples:  66%|██████▌   | 13234/20000 [00:09<00:04, 1418.57 examples/s]
tokenizing completion-masked chat examples:  67%|██████▋   | 13393/20000 [00:09<00:04, 1461.15 examples/s]
tokenizing completion-masked chat examples:  68%|██████▊   | 13549/20000 [00:09<00:04, 1485.84 examples/s]
tokenizing completion-masked chat examples:  69%|██████▊   | 13708/20000 [00:09<00:04, 1511.62 examples/s]
tokenizing completion-masked chat examples:  69%|██████▉   | 13866/20000 [00:09<00:04, 1528.63 examples/s]
tokenizing completion-masked chat examples:  70%|███████   | 14077/20000 [00:09<00:04, 1377.56 examples/s]
tokenizing completion-masked chat examples:  71%|███████   | 14235/20000 [00:09<00:04, 1423.89 examples/s]
tokenizing completion-masked chat examples:  72%|███████▏  | 14391/20000 [00:10<00:03, 1456.23 examples/s]
tokenizing completion-masked chat examples:  73%|███████▎  | 14548/20000 [00:10<00:03, 1485.87 examples/s]
tokenizing completion-masked chat examples:  74%|███████▎  | 14704/20000 [00:10<00:03, 1505.57 examples/s]
tokenizing completion-masked chat examples:  74%|███████▍  | 14864/20000 [00:10<00:03, 1529.00 examples/s]
tokenizing completion-masked chat examples:  75%|███████▌  | 15076/20000 [00:10<00:03, 1381.66 examples/s]
tokenizing completion-masked chat examples:  76%|███████▌  | 15230/20000 [00:10<00:03, 1419.47 examples/s]
tokenizing completion-masked chat examples:  77%|███████▋  | 15389/20000 [00:10<00:03, 1462.17 examples/s]
tokenizing completion-masked chat examples:  78%|███████▊  | 15545/20000 [00:10<00:02, 1488.27 examples/s]
tokenizing completion-masked chat examples:  79%|███████▊  | 15703/20000 [00:10<00:02, 1512.11 examples/s]
tokenizing completion-masked chat examples:  79%|███████▉  | 15862/20000 [00:11<00:02, 1529.69 examples/s]
tokenizing completion-masked chat examples:  80%|████████  | 16077/20000 [00:11<00:02, 1374.36 examples/s]
tokenizing completion-masked chat examples:  81%|████████  | 16232/20000 [00:11<00:02, 1416.65 examples/s]
tokenizing completion-masked chat examples:  82%|████████▏ | 16388/20000 [00:11<00:02, 1449.75 examples/s]
tokenizing completion-masked chat examples:  83%|████████▎ | 16546/20000 [00:11<00:02, 1483.84 examples/s]
tokenizing completion-masked chat examples:  84%|████████▎ | 16704/20000 [00:11<00:02, 1505.79 examples/s]
tokenizing completion-masked chat examples:  84%|████████▍ | 16859/20000 [00:11<00:02, 1514.18 examples/s]
tokenizing completion-masked chat examples:  85%|████████▌ | 17076/20000 [00:11<00:02, 1360.59 examples/s]
tokenizing completion-masked chat examples:  86%|████████▌ | 17229/20000 [00:12<00:01, 1401.17 examples/s]
tokenizing completion-masked chat examples:  87%|████████▋ | 17383/20000 [00:12<00:01, 1436.45 examples/s]
tokenizing completion-masked chat examples:  88%|████████▊ | 17541/20000 [00:12<00:01, 1472.36 examples/s]
tokenizing completion-masked chat examples:  89%|████████▊ | 17701/20000 [00:12<00:01, 1505.43 examples/s]
tokenizing completion-masked chat examples:  89%|████████▉ | 17861/20000 [00:12<00:01, 1530.10 examples/s]
tokenizing completion-masked chat examples:  90%|█████████ | 18077/20000 [00:12<00:01, 1384.74 examples/s]
tokenizing completion-masked chat examples:  91%|█████████ | 18233/20000 [00:12<00:01, 1426.94 examples/s]
tokenizing completion-masked chat examples:  92%|█████████▏| 18389/20000 [00:12<00:01, 1460.11 examples/s]
tokenizing completion-masked chat examples:  93%|█████████▎| 18546/20000 [00:12<00:00, 1489.24 examples/s]
tokenizing completion-masked chat examples:  94%|█████████▎| 18703/20000 [00:13<00:00, 1509.57 examples/s]
tokenizing completion-masked chat examples:  94%|█████████▍| 18865/20000 [00:13<00:00, 1540.07 examples/s]
tokenizing completion-masked chat examples:  95%|█████████▌| 19077/20000 [00:13<00:00, 1371.14 examples/s]
tokenizing completion-masked chat examples:  96%|█████████▌| 19234/20000 [00:13<00:00, 1417.38 examples/s]
tokenizing completion-masked chat examples:  97%|█████████▋| 19391/20000 [00:13<00:00, 1453.98 examples/s]
tokenizing completion-masked chat examples:  98%|█████████▊| 19547/20000 [00:13<00:00, 1481.66 examples/s]
tokenizing completion-masked chat examples:  99%|█████████▊| 19708/20000 [00:13<00:00, 1513.96 examples/s]
tokenizing completion-masked chat examples:  99%|█████████▉| 19865/20000 [00:13<00:00, 1527.57 examples/s]
tokenizing completion-masked chat examples: 100%|██████████| 20000/20000 [00:13<00:00, 1434.83 examples/s]

tokenizing completion-masked chat examples:   0%|          | 0/5000 [00:00<?, ? examples/s]
tokenizing completion-masked chat examples:   3%|▎         | 126/5000 [00:00<00:03, 1237.26 examples/s]
tokenizing completion-masked chat examples:   6%|▌         | 280/5000 [00:00<00:03, 1411.02 examples/s]
tokenizing completion-masked chat examples:   9%|▊         | 434/5000 [00:00<00:03, 1466.09 examples/s]
tokenizing completion-masked chat examples:  12%|█▏        | 587/5000 [00:00<00:02, 1488.45 examples/s]
tokenizing completion-masked chat examples:  15%|█▍        | 745/5000 [00:00<00:02, 1519.55 examples/s]
tokenizing completion-masked chat examples:  18%|█▊        | 899/5000 [00:00<00:02, 1523.40 examples/s]
tokenizing completion-masked chat examples:  22%|██▏       | 1079/5000 [00:00<00:02, 1345.03 examples/s]
tokenizing completion-masked chat examples:  25%|██▍       | 1234/5000 [00:00<00:02, 1399.25 examples/s]
tokenizing completion-masked chat examples:  28%|██▊       | 1390/5000 [00:00<00:02, 1440.88 examples/s]
tokenizing completion-masked chat examples:  31%|███       | 1550/5000 [00:01<00:02, 1481.71 examples/s]
tokenizing completion-masked chat examples:  34%|███▍      | 1709/5000 [00:01<00:02, 1508.97 examples/s]
tokenizing completion-masked chat examples:  37%|███▋      | 1868/5000 [00:01<00:02, 1530.42 examples/s]
tokenizing completion-masked chat examples:  42%|████▏     | 2078/5000 [00:01<00:02, 1373.21 examples/s]
tokenizing completion-masked chat examples:  45%|████▍     | 2237/5000 [00:01<00:01, 1425.14 examples/s]
tokenizing completion-masked chat examples:  48%|████▊     | 2394/5000 [00:01<00:01, 1460.73 examples/s]
tokenizing completion-masked chat examples:  51%|█████     | 2552/5000 [00:01<00:01, 1488.50 examples/s]
tokenizing completion-masked chat examples:  54%|█████▍    | 2710/5000 [00:01<00:01, 1510.21 examples/s]
tokenizing completion-masked chat examples:  57%|█████▋    | 2868/5000 [00:01<00:01, 1525.79 examples/s]
tokenizing completion-masked chat examples:  62%|██████▏   | 3078/5000 [00:02<00:01, 1375.73 examples/s]
tokenizing completion-masked chat examples:  65%|██████▍   | 3233/5000 [00:02<00:01, 1419.20 examples/s]
tokenizing completion-masked chat examples:  68%|██████▊   | 3391/5000 [00:02<00:01, 1459.85 examples/s]
tokenizing completion-masked chat examples:  71%|███████   | 3549/5000 [00:02<00:00, 1490.88 examples/s]
tokenizing completion-masked chat examples:  74%|███████▍  | 3706/5000 [00:02<00:00, 1510.21 examples/s]
tokenizing completion-masked chat examples:  77%|███████▋  | 3864/5000 [00:02<00:00, 1524.68 examples/s]
tokenizing completion-masked chat examples:  82%|████████▏ | 4079/5000 [00:02<00:00, 1373.81 examples/s]
tokenizing completion-masked chat examples:  85%|████████▍ | 4235/5000 [00:02<00:00, 1416.39 examples/s]
tokenizing completion-masked chat examples:  88%|████████▊ | 4394/5000 [00:03<00:00, 1458.06 examples/s]
tokenizing completion-masked chat examples:  91%|█████████ | 4552/5000 [00:03<00:00, 1486.97 examples/s]
tokenizing completion-masked chat examples:  94%|█████████▍| 4711/5000 [00:03<00:00, 1513.75 examples/s]
tokenizing completion-masked chat examples:  97%|█████████▋| 4869/5000 [00:03<00:00, 1531.31 examples/s]
tokenizing completion-masked chat examples: 100%|██████████| 5000/5000 [00:03<00:00, 1445.88 examples/s]
[accelerate.utils.other|WARNING][RANK 0] Detected kernel version 4.18.0, which is below the recommended minimum of 5.5.0; this can cause the process to hang. It is recommended to upgrade the kernel to the minimum version or higher.
==((====))==  Unsloth - 2x faster free finetuning | Num GPUs used = 1
   \\   /|    Num examples = 20,000 | Num Epochs = 1 | Total steps = 313
O^O/ \_/ \    Batch size per device = 64 | Gradient accumulation steps = 1
\        /    Data Parallel GPUs = 1 | Total batch size (64 x 1 x 1) = 64
 "-____-"     Trainable parameters = 18,464,768 of 1,562,179,072 (1.18% trained)

  0%|          | 0/313 [00:00<?, ?it/s]`use_return_dict` is deprecated! Use `return_dict` instead!

  0%|          | 1/313 [02:00<10:25:24, 120.27s/it]
                                                   

  0%|          | 1/313 [02:00<10:25:24, 120.27s/it]
  1%|          | 2/313 [02:01<4:20:46, 50.31s/it]  
  1%|          | 3/313 [02:02<2:23:51, 27.84s/it]
  1%|▏         | 4/313 [02:03<1:29:11, 17.32s/it]
  2%|▏         | 5/313 [02:05<59:11, 11.53s/it]  
                                               

  2%|▏         | 5/313 [02:05<59:11, 11.53s/it]
  2%|▏         | 6/313 [02:06<41:16,  8.07s/it]
  2%|▏         | 7/313 [02:07<29:56,  5.87s/it]
  3%|▎         | 8/313 [02:09<22:30,  4.43s/it]
  3%|▎         | 9/313 [02:10<17:24,  3.44s/it]
  3%|▎         | 10/313 [02:11<13:58,  2.77s/it]
                                                

  3%|▎         | 10/313 [02:11<13:58,  2.77s/it]
  4%|▎         | 11/313 [02:13<11:38,  2.31s/it]
  4%|▍         | 12/313 [02:14<10:07,  2.02s/it]
  4%|▍         | 13/313 [02:15<08:53,  1.78s/it]
  4%|▍         | 14/313 [02:16<08:06,  1.63s/it]
  5%|▍         | 15/313 [02:18<07:29,  1.51s/it]
                                                

  5%|▍         | 15/313 [02:18<07:29,  1.51s/it]
  5%|▌         | 16/313 [02:19<07:06,  1.44s/it]
  5%|▌         | 17/313 [02:20<06:49,  1.39s/it]
  6%|▌         | 18/313 [02:21<06:36,  1.34s/it]
  6%|▌         | 19/313 [02:23<06:26,  1.31s/it]
  6%|▋         | 20/313 [02:24<06:26,  1.32s/it]
                                                

  6%|▋         | 20/313 [02:24<06:26,  1.32s/it]
  7%|▋         | 21/313 [02:25<06:18,  1.30s/it]
  7%|▋         | 22/313 [02:26<06:13,  1.28s/it]
  7%|▋         | 23/313 [02:28<06:11,  1.28s/it]
  8%|▊         | 24/313 [02:29<06:10,  1.28s/it]
  8%|▊         | 25/313 [02:30<06:06,  1.27s/it]
                                                

  8%|▊         | 25/313 [02:30<06:06,  1.27s/it]
  8%|▊         | 26/313 [02:31<05:51,  1.22s/it]
  9%|▊         | 27/313 [02:33<05:54,  1.24s/it]
  9%|▉         | 28/313 [02:34<06:09,  1.30s/it]
  9%|▉         | 29/313 [02:35<06:10,  1.31s/it]
 10%|▉         | 30/313 [02:37<06:06,  1.30s/it]
                                                

 10%|▉         | 30/313 [02:37<06:06,  1.30s/it]
 10%|▉         | 31/313 [02:38<06:00,  1.28s/it]
 10%|█         | 32/313 [02:39<05:58,  1.28s/it]
 11%|█         | 33/313 [02:40<05:55,  1.27s/it]
 11%|█         | 34/313 [02:42<05:48,  1.25s/it]
 11%|█         | 35/313 [02:43<05:49,  1.26s/it]
                                                

 11%|█         | 35/313 [02:43<05:49,  1.26s/it]
 12%|█▏        | 36/313 [02:44<05:49,  1.26s/it]
 12%|█▏        | 37/313 [02:45<05:47,  1.26s/it]
 12%|█▏        | 38/313 [02:47<05:47,  1.26s/it]
 12%|█▏        | 39/313 [02:48<05:47,  1.27s/it]
 13%|█▎        | 40/313 [02:49<05:46,  1.27s/it]
                                                

 13%|█▎        | 40/313 [02:49<05:46,  1.27s/it]
 13%|█▎        | 41/313 [02:51<05:46,  1.27s/it]
 13%|█▎        | 42/313 [02:52<05:51,  1.30s/it]
 14%|█▎        | 43/313 [02:53<05:45,  1.28s/it]
 14%|█▍        | 44/313 [02:54<05:41,  1.27s/it]
 14%|█▍        | 45/313 [02:56<05:46,  1.29s/it]
                                                

 14%|█▍        | 45/313 [02:56<05:46,  1.29s/it]
 15%|█▍        | 46/313 [02:57<05:52,  1.32s/it]
 15%|█▌        | 47/313 [02:58<05:43,  1.29s/it]
 15%|█▌        | 48/313 [03:00<05:40,  1.28s/it]
 16%|█▌        | 49/313 [03:01<05:36,  1.27s/it]
 16%|█▌        | 50/313 [03:02<05:39,  1.29s/it]
                                                

 16%|█▌        | 50/313 [03:02<05:39,  1.29s/it]
 16%|█▋        | 51/313 [03:03<05:36,  1.29s/it]
 17%|█▋        | 52/313 [03:05<05:34,  1.28s/it]
 17%|█▋        | 53/313 [03:06<05:30,  1.27s/it]
 17%|█▋        | 54/313 [03:07<05:24,  1.25s/it]
 18%|█▊        | 55/313 [03:08<05:21,  1.25s/it]
                                                

 18%|█▊        | 55/313 [03:08<05:21,  1.25s/it]
 18%|█▊        | 56/313 [03:10<05:23,  1.26s/it]
 18%|█▊        | 57/313 [03:11<05:22,  1.26s/it]
 19%|█▊        | 58/313 [03:12<05:17,  1.25s/it]
 19%|█▉        | 59/313 [03:13<05:16,  1.25s/it]
 19%|█▉        | 60/313 [03:15<05:21,  1.27s/it]
                                                

 19%|█▉        | 60/313 [03:15<05:21,  1.27s/it]
 19%|█▉        | 61/313 [03:16<05:12,  1.24s/it]
 20%|█▉        | 62/313 [03:17<05:09,  1.23s/it]
 20%|██        | 63/313 [03:18<05:11,  1.25s/it]
 20%|██        | 64/313 [03:20<05:13,  1.26s/it]
 21%|██        | 65/313 [03:21<05:10,  1.25s/it]
                                                

 21%|██        | 65/313 [03:21<05:10,  1.25s/it]
 21%|██        | 66/313 [03:22<05:08,  1.25s/it]
 21%|██▏       | 67/313 [03:23<05:07,  1.25s/it]
 22%|██▏       | 68/313 [03:25<04:53,  1.20s/it]
 22%|██▏       | 69/313 [03:26<04:56,  1.21s/it]
 22%|██▏       | 70/313 [03:27<04:54,  1.21s/it]
                                                

 22%|██▏       | 70/313 [03:27<04:54,  1.21s/it]
 23%|██▎       | 71/313 [03:28<04:46,  1.18s/it]
 23%|██▎       | 72/313 [03:29<04:50,  1.21s/it]
 23%|██▎       | 73/313 [03:31<04:51,  1.21s/it]
 24%|██▎       | 74/313 [03:32<04:52,  1.22s/it]
 24%|██▍       | 75/313 [03:33<04:53,  1.23s/it]
                                                

 24%|██▍       | 75/313 [03:33<04:53,  1.23s/it]
 24%|██▍       | 76/313 [03:34<05:00,  1.27s/it]
 25%|██▍       | 77/313 [03:36<04:58,  1.27s/it]
 25%|██▍       | 78/313 [03:37<05:02,  1.29s/it]
 25%|██▌       | 79/313 [03:38<05:00,  1.28s/it]
 26%|██▌       | 80/313 [03:40<04:57,  1.28s/it]
                                                

 26%|██▌       | 80/313 [03:40<04:57,  1.28s/it]
 26%|██▌       | 81/313 [03:41<04:54,  1.27s/it]
 26%|██▌       | 82/313 [03:42<04:57,  1.29s/it]
 27%|██▋       | 83/313 [03:43<04:53,  1.28s/it]
 27%|██▋       | 84/313 [03:44<04:40,  1.22s/it]
 27%|██▋       | 85/313 [03:46<04:26,  1.17s/it]
                                                

 27%|██▋       | 85/313 [03:46<04:26,  1.17s/it]
 27%|██▋       | 86/313 [03:47<04:33,  1.20s/it]
 28%|██▊       | 87/313 [03:48<04:33,  1.21s/it]
 28%|██▊       | 88/313 [03:49<04:34,  1.22s/it]
 28%|██▊       | 89/313 [03:51<04:36,  1.23s/it]
 29%|██▉       | 90/313 [03:52<04:34,  1.23s/it]
                                                

 29%|██▉       | 90/313 [03:52<04:34,  1.23s/it]
 29%|██▉       | 91/313 [03:53<04:33,  1.23s/it]
 29%|██▉       | 92/313 [03:54<04:33,  1.24s/it]
 30%|██▉       | 93/313 [03:55<04:30,  1.23s/it]
 30%|███       | 94/313 [03:57<04:29,  1.23s/it]
 30%|███       | 95/313 [03:58<04:29,  1.24s/it]
                                                

 30%|███       | 95/313 [03:58<04:29,  1.24s/it]
 31%|███       | 96/313 [03:59<04:34,  1.26s/it]
 31%|███       | 97/313 [04:01<04:32,  1.26s/it]
 31%|███▏      | 98/313 [04:02<04:30,  1.26s/it]
 32%|███▏      | 99/313 [04:03<04:27,  1.25s/it]
 32%|███▏      | 100/313 [04:04<04:26,  1.25s/it]
                                                 

 32%|███▏      | 100/313 [04:04<04:26,  1.25s/it]Unsloth: Will smartly offload gradients to save VRAM!
{'loss': '1.55', 'grad_norm': '0.8829', 'learning_rate': '0', 'epoch': '0.003195'}
Unsloth: Double buffering enabled (parallel H2D + compute) for backward pass.
{'loss': '1.544', 'grad_norm': '0.8552', 'learning_rate': '4e-06', 'epoch': '0.01597'}
{'loss': '1.475', 'grad_norm': '0.9077', 'learning_rate': '9e-06', 'epoch': '0.03195'}
{'loss': '1.569', 'grad_norm': '0.9182', 'learning_rate': '9.996e-06', 'epoch': '0.04792'}
{'loss': '1.457', 'grad_norm': '0.8577', 'learning_rate': '9.978e-06', 'epoch': '0.0639'}
{'loss': '1.518', 'grad_norm': '0.8428', 'learning_rate': '9.947e-06', 'epoch': '0.07987'}
{'loss': '1.431', 'grad_norm': '0.7575', 'learning_rate': '9.903e-06', 'epoch': '0.09585'}
{'loss': '1.314', 'grad_norm': '0.6512', 'learning_rate': '9.846e-06', 'epoch': '0.1118'}
{'loss': '1.361', 'grad_norm': '0.5713', 'learning_rate': '9.776e-06', 'epoch': '0.1278'}
{'loss': '1.312', 'grad_norm': '0.4913', 'learning_rate': '9.693e-06', 'epoch': '0.1438'}
{'loss': '1.25', 'grad_norm': '0.47', 'learning_rate': '9.597e-06', 'epoch': '0.1597'}
{'loss': '1.202', 'grad_norm': '0.3988', 'learning_rate': '9.489e-06', 'epoch': '0.1757'}
{'loss': '1.238', 'grad_norm': '0.387', 'learning_rate': '9.368e-06', 'epoch': '0.1917'}
{'loss': '1.112', 'grad_norm': '0.4108', 'learning_rate': '9.237e-06', 'epoch': '0.2077'}
{'loss': '1.137', 'grad_norm': '0.446', 'learning_rate': '9.093e-06', 'epoch': '0.2236'}
{'loss': '1.08', 'grad_norm': '0.3663', 'learning_rate': '8.939e-06', 'epoch': '0.2396'}
{'loss': '1.086', 'grad_norm': '0.3876', 'learning_rate': '8.774e-06', 'epoch': '0.2556'}
{'loss': '0.9761', 'grad_norm': '0.4046', 'learning_rate': '8.599e-06', 'epoch': '0.2716'}
{'loss': '1.078', 'grad_norm': '0.3754', 'learning_rate': '8.414e-06', 'epoch': '0.2875'}
{'loss': '0.9647', 'grad_norm': '0.3519', 'learning_rate': '8.221e-06', 'epoch': '0.3035'}
{'loss': '0.9421', 'grad_norm': '0.3609', 'learning_rate': '8.018e-06', 'epoch': '0.3195'}


  0%|          | 0/79 [00:00<?, ?it/s][A

  3%|▎         | 2/79 [00:00<00:09,  8.39it/s][A

  4%|▍         | 3/79 [00:00<00:17,  4.47it/s][A

  5%|▌         | 4/79 [00:01<00:23,  3.26it/s][A

  6%|▋         | 5/79 [00:01<00:26,  2.81it/s][A

  8%|▊         | 6/79 [00:01<00:28,  2.60it/s][A

  9%|▉         | 7/79 [00:02<00:28,  2.52it/s][A

 10%|█         | 8/79 [00:02<00:28,  2.48it/s][A

 11%|█▏        | 9/79 [00:03<00:28,  2.44it/s][A

 13%|█▎        | 10/79 [00:03<00:28,  2.42it/s][A

 14%|█▍        | 11/79 [00:04<00:28,  2.41it/s][A

 15%|█▌        | 12/79 [00:04<00:28,  2.38it/s][A

 16%|█▋        | 13/79 [00:04<00:27,  2.36it/s][A

 18%|█▊        | 14/79 [00:05<00:27,  2.38it/s][A

 19%|█▉        | 15/79 [00:05<00:26,  2.39it/s][A

 20%|██        | 16/79 [00:06<00:26,  2.38it/s][A

 22%|██▏       | 17/79 [00:06<00:26,  2.37it/s][A

 23%|██▎       | 18/79 [00:06<00:25,  2.42it/s][A

 24%|██▍       | 19/79 [00:07<00:24,  2.48it/s][A

 25%|██▌       | 20/79 [00:07<00:24,  2.44it/s][A

 27%|██▋       | 21/79 [00:08<00:24,  2.40it/s][A

 28%|██▊       | 22/79 [00:08<00:23,  2.39it/s][A

 29%|██▉       | 23/79 [00:09<00:23,  2.41it/s][A

 30%|███       | 24/79 [00:09<00:22,  2.47it/s][A

 32%|███▏      | 25/79 [00:09<00:22,  2.42it/s][A

 33%|███▎      | 26/79 [00:10<00:22,  2.39it/s][A

 34%|███▍      | 27/79 [00:10<00:21,  2.38it/s][A

 35%|███▌      | 28/79 [00:11<00:21,  2.35it/s][A

 37%|███▋      | 29/79 [00:11<00:21,  2.32it/s][A

 38%|███▊      | 30/79 [00:12<00:20,  2.37it/s][A

 39%|███▉      | 31/79 [00:12<00:19,  2.41it/s][A

 41%|████      | 32/79 [00:12<00:19,  2.37it/s][A

 42%|████▏     | 33/79 [00:13<00:19,  2.37it/s][A

 43%|████▎     | 34/79 [00:13<00:19,  2.35it/s][A

 44%|████▍     | 35/79 [00:14<00:18,  2.35it/s][A

 46%|████▌     | 36/79 [00:14<00:18,  2.37it/s][A

 47%|████▋     | 37/79 [00:14<00:17,  2.35it/s][A

 48%|████▊     | 38/79 [00:15<00:17,  2.32it/s][A

 49%|████▉     | 39/79 [00:15<00:17,  2.33it/s][A

 51%|█████     | 40/79 [00:16<00:16,  2.34it/s][A

 52%|█████▏    | 41/79 [00:16<00:15,  2.38it/s][A

 53%|█████▎    | 42/79 [00:17<00:15,  2.42it/s][A

 54%|█████▍    | 43/79 [00:17<00:14,  2.42it/s][A

 56%|█████▌    | 44/79 [00:17<00:14,  2.47it/s][A

 57%|█████▋    | 45/79 [00:18<00:13,  2.49it/s][A

 58%|█████▊    | 46/79 [00:18<00:13,  2.53it/s][A

 59%|█████▉    | 47/79 [00:19<00:12,  2.48it/s][A

 61%|██████    | 48/79 [00:19<00:12,  2.47it/s][A

 62%|██████▏   | 49/79 [00:19<00:12,  2.47it/s][A

 63%|██████▎   | 50/79 [00:20<00:11,  2.45it/s][A

 65%|██████▍   | 51/79 [00:20<00:11,  2.45it/s][A

 66%|██████▌   | 52/79 [00:21<00:11,  2.42it/s][A

 67%|██████▋   | 53/79 [00:21<00:10,  2.39it/s][A

 68%|██████▊   | 54/79 [00:21<00:10,  2.35it/s][A

 70%|██████▉   | 55/79 [00:22<00:10,  2.36it/s][A

 71%|███████   | 56/79 [00:22<00:09,  2.36it/s][A

 72%|███████▏  | 57/79 [00:23<00:09,  2.38it/s][A

 73%|███████▎  | 58/79 [00:23<00:08,  2.41it/s][A

 75%|███████▍  | 59/79 [00:24<00:08,  2.36it/s][A

 76%|███████▌  | 60/79 [00:24<00:08,  2.32it/s][A

 77%|███████▋  | 61/79 [00:24<00:07,  2.31it/s][A

 78%|███████▊  | 62/79 [00:25<00:07,  2.31it/s][A

 80%|███████▉  | 63/79 [00:25<00:06,  2.36it/s][A

 81%|████████  | 64/79 [00:26<00:06,  2.41it/s][A

 82%|████████▏ | 65/79 [00:26<00:05,  2.38it/s][A

 84%|████████▎ | 66/79 [00:27<00:05,  2.34it/s][A

 85%|████████▍ | 67/79 [00:27<00:05,  2.33it/s][A

 86%|████████▌ | 68/79 [00:27<00:04,  2.31it/s][A

 87%|████████▋ | 69/79 [00:28<00:04,  2.30it/s][A

 89%|████████▊ | 70/79 [00:28<00:03,  2.31it/s][A

 90%|████████▉ | 71/79 [00:29<00:03,  2.31it/s][A

 91%|█████████ | 72/79 [00:29<00:03,  2.31it/s][A

 92%|█████████▏| 73/79 [00:30<00:02,  2.33it/s][A

 94%|█████████▎| 74/79 [00:30<00:02,  2.35it/s][A

 95%|█████████▍| 75/79 [00:30<00:01,  2.37it/s][A

 96%|█████████▌| 76/79 [00:31<00:01,  2.37it/s][A

 97%|█████████▋| 77/79 [00:31<00:00,  2.38it/s][A

 99%|█████████▊| 78/79 [00:32<00:00,  2.37it/s][A

100%|██████████| 79/79 [00:32<00:00,  2.03it/s][A
                                                 

                                               
[A
 32%|███▏      | 100/313 [04:42<04:26,  1.25s/it]

100%|██████████| 79/79 [00:33<00:00,  2.03it/s][A

                                               [A
 32%|███▏      | 101/313 [04:44<45:11, 12.79s/it]
 33%|███▎      | 102/313 [04:45<32:49,  9.33s/it]
 33%|███▎      | 103/313 [04:46<24:09,  6.90s/it]
 33%|███▎      | 104/313 [04:48<18:09,  5.21s/it]
 34%|███▎      | 105/313 [04:49<14:01,  4.05s/it]
                                                 

 34%|███▎      | 105/313 [04:49<14:01,  4.05s/it]
 34%|███▍      | 106/313 [04:50<11:05,  3.21s/it]
 34%|███▍      | 107/313 [04:52<08:59,  2.62s/it]
 35%|███▍      | 108/313 [04:53<07:34,  2.22s/it]
 35%|███▍      | 109/313 [04:54<06:32,  1.92s/it]
 35%|███▌      | 110/313 [04:55<05:51,  1.73s/it]
                                                 

 35%|███▌      | 110/313 [04:55<05:51,  1.73s/it]
 35%|███▌      | 111/313 [04:57<05:21,  1.59s/it]
 36%|███▌      | 112/313 [04:58<05:00,  1.50s/it]
 36%|███▌      | 113/313 [04:59<04:45,  1.43s/it]
 36%|███▋      | 114/313 [05:00<04:33,  1.37s/it]
 37%|███▋      | 115/313 [05:02<04:24,  1.34s/it]
                                                 

 37%|███▋      | 115/313 [05:02<04:24,  1.34s/it]
 37%|███▋      | 116/313 [05:03<04:20,  1.32s/it]
 37%|███▋      | 117/313 [05:04<04:15,  1.31s/it]
 38%|███▊      | 118/313 [05:05<04:10,  1.29s/it]
 38%|███▊      | 119/313 [05:07<04:07,  1.28s/it]
 38%|███▊      | 120/313 [05:08<04:10,  1.30s/it]
                                                 

 38%|███▊      | 120/313 [05:08<04:10,  1.30s/it]
 39%|███▊      | 121/313 [05:09<04:03,  1.27s/it]
 39%|███▉      | 122/313 [05:11<04:02,  1.27s/it]
 39%|███▉      | 123/313 [05:12<04:01,  1.27s/it]
 40%|███▉      | 124/313 [05:13<03:58,  1.26s/it]
 40%|███▉      | 125/313 [05:14<03:58,  1.27s/it]
                                                 

 40%|███▉      | 125/313 [05:14<03:58,  1.27s/it]
 40%|████      | 126/313 [05:16<03:58,  1.27s/it]
 41%|████      | 127/313 [05:17<03:56,  1.27s/it]
 41%|████      | 128/313 [05:18<03:58,  1.29s/it]
 41%|████      | 129/313 [05:19<03:54,  1.27s/it]
 42%|████▏     | 130/313 [05:21<03:56,  1.29s/it]
                                                 

 42%|████▏     | 130/313 [05:21<03:56,  1.29s/it]
 42%|████▏     | 131/313 [05:22<03:57,  1.31s/it]
 42%|████▏     | 132/313 [05:23<03:54,  1.30s/it]
 42%|████▏     | 133/313 [05:25<03:52,  1.29s/it]
 43%|████▎     | 134/313 [05:26<03:50,  1.29s/it]
 43%|████▎     | 135/313 [05:27<03:48,  1.28s/it]
                                                 

 43%|████▎     | 135/313 [05:27<03:48,  1.28s/it]
 43%|████▎     | 136/313 [05:28<03:45,  1.27s/it]
 44%|████▍     | 137/313 [05:30<03:42,  1.27s/it]
 44%|████▍     | 138/313 [05:31<03:40,  1.26s/it]
 44%|████▍     | 139/313 [05:32<03:34,  1.24s/it]
 45%|████▍     | 140/313 [05:33<03:34,  1.24s/it]
                                                 

 45%|████▍     | 140/313 [05:33<03:34,  1.24s/it]
 45%|████▌     | 141/313 [05:35<03:38,  1.27s/it]
 45%|████▌     | 142/313 [05:36<03:36,  1.27s/it]
 46%|████▌     | 143/313 [05:37<03:35,  1.27s/it]
 46%|████▌     | 144/313 [05:39<03:38,  1.29s/it]
 46%|████▋     | 145/313 [05:40<03:38,  1.30s/it]
                                                 

 46%|████▋     | 145/313 [05:40<03:38,  1.30s/it]
 47%|████▋     | 146/313 [05:41<03:39,  1.31s/it]
 47%|████▋     | 147/313 [05:43<03:34,  1.29s/it]
 47%|████▋     | 148/313 [05:44<03:31,  1.28s/it]
 48%|████▊     | 149/313 [05:45<03:28,  1.27s/it]
 48%|████▊     | 150/313 [05:46<03:27,  1.27s/it]
                                                 

 48%|████▊     | 150/313 [05:46<03:27,  1.27s/it]
 48%|████▊     | 151/313 [05:48<03:29,  1.29s/it]
 49%|████▊     | 152/313 [05:49<03:25,  1.28s/it]
 49%|████▉     | 153/313 [05:50<03:22,  1.27s/it]
 49%|████▉     | 154/313 [05:51<03:13,  1.22s/it]
 50%|████▉     | 155/313 [05:52<03:12,  1.22s/it]
                                                 

 50%|████▉     | 155/313 [05:52<03:12,  1.22s/it]
 50%|████▉     | 156/313 [05:54<03:13,  1.23s/it]
 50%|█████     | 157/313 [05:55<03:14,  1.25s/it]
 50%|█████     | 158/313 [05:56<03:13,  1.25s/it]
 51%|█████     | 159/313 [05:58<03:13,  1.26s/it]
 51%|█████     | 160/313 [05:59<03:06,  1.22s/it]
                                                 

 51%|█████     | 160/313 [05:59<03:06,  1.22s/it]
 51%|█████▏    | 161/313 [06:00<03:10,  1.25s/it]
 52%|█████▏    | 162/313 [06:01<03:05,  1.23s/it]
 52%|█████▏    | 163/313 [06:02<03:05,  1.24s/it]
 52%|█████▏    | 164/313 [06:04<03:03,  1.23s/it]
 53%|█████▎    | 165/313 [06:05<03:04,  1.24s/it]
                                                 

 53%|█████▎    | 165/313 [06:05<03:04,  1.24s/it]
 53%|█████▎    | 166/313 [06:06<03:04,  1.25s/it]
 53%|█████▎    | 167/313 [06:07<03:04,  1.26s/it]
 54%|█████▎    | 168/313 [06:09<03:01,  1.25s/it]
 54%|█████▍    | 169/313 [06:10<03:01,  1.26s/it]
 54%|█████▍    | 170/313 [06:11<03:00,  1.26s/it]
                                                 

 54%|█████▍    | 170/313 [06:11<03:00,  1.26s/it]
 55%|█████▍    | 171/313 [06:13<02:59,  1.26s/it]
 55%|█████▍    | 172/313 [06:14<02:57,  1.26s/it]
 55%|█████▌    | 173/313 [06:15<02:59,  1.28s/it]
 56%|█████▌    | 174/313 [06:16<02:50,  1.22s/it]
 56%|█████▌    | 175/313 [06:17<02:49,  1.23s/it]
                                                 

 56%|█████▌    | 175/313 [06:17<02:49,  1.23s/it]
 56%|█████▌    | 176/313 [06:19<02:49,  1.24s/it]
 57%|█████▋    | 177/313 [06:20<02:49,  1.25s/it]
 57%|█████▋    | 178/313 [06:21<02:49,  1.26s/it]
 57%|█████▋    | 179/313 [06:22<02:47,  1.25s/it]
 58%|█████▊    | 180/313 [06:24<02:46,  1.25s/it]
                                                 

 58%|█████▊    | 180/313 [06:24<02:46,  1.25s/it]
 58%|█████▊    | 181/313 [06:25<02:43,  1.24s/it]
 58%|█████▊    | 182/313 [06:26<02:43,  1.25s/it]
 58%|█████▊    | 183/313 [06:27<02:42,  1.25s/it]
 59%|█████▉    | 184/313 [06:29<02:44,  1.27s/it]
 59%|█████▉    | 185/313 [06:30<02:42,  1.27s/it]
                                                 

 59%|█████▉    | 185/313 [06:30<02:42,  1.27s/it]
 59%|█████▉    | 186/313 [06:31<02:40,  1.26s/it]
 60%|█████▉    | 187/313 [06:33<02:38,  1.26s/it]
 60%|██████    | 188/313 [06:34<02:35,  1.24s/it]
 60%|██████    | 189/313 [06:35<02:33,  1.24s/it]
 61%|██████    | 190/313 [06:36<02:33,  1.25s/it]
                                                 

 61%|██████    | 190/313 [06:36<02:33,  1.25s/it]
 61%|██████    | 191/313 [06:37<02:32,  1.25s/it]
 61%|██████▏   | 192/313 [06:39<02:32,  1.26s/it]
 62%|██████▏   | 193/313 [06:40<02:30,  1.25s/it]
 62%|██████▏   | 194/313 [06:41<02:27,  1.24s/it]
 62%|██████▏   | 195/313 [06:42<02:21,  1.20s/it]
                                                 

 62%|██████▏   | 195/313 [06:42<02:21,  1.20s/it]
 63%|██████▎   | 196/313 [06:44<02:20,  1.20s/it]
 63%|██████▎   | 197/313 [06:45<02:22,  1.23s/it]
 63%|██████▎   | 198/313 [06:46<02:22,  1.24s/it]
 64%|██████▎   | 199/313 [06:47<02:22,  1.25s/it]
 64%|██████▍   | 200/313 [06:49<02:24,  1.28s/it]
                                                 

 64%|██████▍   | 200/313 [06:49<02:24,  1.28s/it]{'eval_loss': '0.9453', 'eval_runtime': '37.31', 'eval_samples_per_second': '134', 'eval_steps_per_second': '2.118', 'epoch': '0.3195'}
{'loss': '0.9893', 'grad_norm': '0.3534', 'learning_rate': '7.807e-06', 'epoch': '0.3355'}
{'loss': '0.9268', 'grad_norm': '0.3388', 'learning_rate': '7.589e-06', 'epoch': '0.3514'}
{'loss': '0.8658', 'grad_norm': '0.3391', 'learning_rate': '7.364e-06', 'epoch': '0.3674'}
{'loss': '0.8434', 'grad_norm': '0.3662', 'learning_rate': '7.133e-06', 'epoch': '0.3834'}
{'loss': '0.8556', 'grad_norm': '0.3741', 'learning_rate': '6.895e-06', 'epoch': '0.3994'}
{'loss': '0.8151', 'grad_norm': '0.3761', 'learning_rate': '6.653e-06', 'epoch': '0.4153'}
{'loss': '0.8421', 'grad_norm': '0.3709', 'learning_rate': '6.406e-06', 'epoch': '0.4313'}
{'loss': '0.7655', 'grad_norm': '0.3592', 'learning_rate': '6.156e-06', 'epoch': '0.4473'}
{'loss': '0.7772', 'grad_norm': '0.3517', 'learning_rate': '5.902e-06', 'epoch': '0.4633'}
{'loss': '0.7309', 'grad_norm': '0.3407', 'learning_rate': '5.646e-06', 'epoch': '0.4792'}
{'loss': '0.7436', 'grad_norm': '0.3497', 'learning_rate': '5.388e-06', 'epoch': '0.4952'}
{'loss': '0.7107', 'grad_norm': '0.3223', 'learning_rate': '5.13e-06', 'epoch': '0.5112'}
{'loss': '0.6947', 'grad_norm': '0.3262', 'learning_rate': '4.87e-06', 'epoch': '0.5272'}
{'loss': '0.6602', 'grad_norm': '0.2927', 'learning_rate': '4.612e-06', 'epoch': '0.5431'}
{'loss': '0.6696', 'grad_norm': '0.3003', 'learning_rate': '4.354e-06', 'epoch': '0.5591'}
{'loss': '0.6728', 'grad_norm': '0.323', 'learning_rate': '4.098e-06', 'epoch': '0.5751'}
{'loss': '0.6802', 'grad_norm': '0.3079', 'learning_rate': '3.844e-06', 'epoch': '0.5911'}
{'loss': '0.6689', 'grad_norm': '0.298', 'learning_rate': '3.594e-06', 'epoch': '0.607'}
{'loss': '0.6459', 'grad_norm': '0.2931', 'learning_rate': '3.347e-06', 'epoch': '0.623'}
{'loss': '0.6207', 'grad_norm': '0.3033', 'learning_rate': '3.105e-06', 'epoch': '0.639'}


  0%|          | 0/79 [00:00<?, ?it/s][A

  3%|▎         | 2/79 [00:00<00:16,  4.64it/s][A

  4%|▍         | 3/79 [00:00<00:23,  3.27it/s][A

  5%|▌         | 4/79 [00:01<00:26,  2.80it/s][A

  6%|▋         | 5/79 [00:01<00:28,  2.57it/s][A

  8%|▊         | 6/79 [00:02<00:29,  2.45it/s][A

  9%|▉         | 7/79 [00:02<00:29,  2.43it/s][A

 10%|█         | 8/79 [00:03<00:29,  2.42it/s][A

 11%|█▏        | 9/79 [00:03<00:29,  2.40it/s][A

 13%|█▎        | 10/79 [00:03<00:28,  2.39it/s][A

 14%|█▍        | 11/79 [00:04<00:28,  2.39it/s][A

 15%|█▌        | 12/79 [00:04<00:28,  2.36it/s][A

 16%|█▋        | 13/79 [00:05<00:28,  2.35it/s][A

 18%|█▊        | 14/79 [00:05<00:27,  2.38it/s][A

 19%|█▉        | 15/79 [00:05<00:26,  2.38it/s][A

 20%|██        | 16/79 [00:06<00:26,  2.37it/s][A

 22%|██▏       | 17/79 [00:06<00:26,  2.37it/s][A

 23%|██▎       | 18/79 [00:07<00:25,  2.42it/s][A

 24%|██▍       | 19/79 [00:07<00:24,  2.47it/s][A

 25%|██▌       | 20/79 [00:08<00:24,  2.43it/s][A

 27%|██▋       | 21/79 [00:08<00:24,  2.40it/s][A

 28%|██▊       | 22/79 [00:08<00:23,  2.38it/s][A

 29%|██▉       | 23/79 [00:09<00:23,  2.41it/s][A

 30%|███       | 24/79 [00:09<00:22,  2.46it/s][A

 32%|███▏      | 25/79 [00:10<00:22,  2.42it/s][A

 33%|███▎      | 26/79 [00:10<00:22,  2.39it/s][A

 34%|███▍      | 27/79 [00:10<00:21,  2.38it/s][A

 35%|███▌      | 28/79 [00:11<00:21,  2.34it/s][A

 37%|███▋      | 29/79 [00:11<00:21,  2.32it/s][A

 38%|███▊      | 30/79 [00:12<00:20,  2.36it/s][A

 39%|███▉      | 31/79 [00:12<00:19,  2.41it/s][A

 41%|████      | 32/79 [00:13<00:19,  2.37it/s][A

 42%|████▏     | 33/79 [00:13<00:19,  2.36it/s][A

 43%|████▎     | 34/79 [00:13<00:19,  2.35it/s][A

 44%|████▍     | 35/79 [00:14<00:18,  2.35it/s][A

 46%|████▌     | 36/79 [00:14<00:18,  2.37it/s][A

 47%|████▋     | 37/79 [00:15<00:17,  2.35it/s][A

 48%|████▊     | 38/79 [00:15<00:17,  2.32it/s][A

 49%|████▉     | 39/79 [00:16<00:17,  2.33it/s][A

 51%|█████     | 40/79 [00:16<00:16,  2.34it/s][A

 52%|█████▏    | 41/79 [00:16<00:15,  2.38it/s][A

 53%|█████▎    | 42/79 [00:17<00:15,  2.42it/s][A

 54%|█████▍    | 43/79 [00:17<00:14,  2.42it/s][A

 56%|█████▌    | 44/79 [00:18<00:14,  2.47it/s][A

 57%|█████▋    | 45/79 [00:18<00:13,  2.49it/s][A

 58%|█████▊    | 46/79 [00:18<00:13,  2.53it/s][A

 59%|█████▉    | 47/79 [00:19<00:12,  2.48it/s][A

 61%|██████    | 48/79 [00:19<00:12,  2.47it/s][A

 62%|██████▏   | 49/79 [00:20<00:12,  2.47it/s][A

 63%|██████▎   | 50/79 [00:20<00:11,  2.45it/s][A

 65%|██████▍   | 51/79 [00:20<00:11,  2.45it/s][A

 66%|██████▌   | 52/79 [00:21<00:11,  2.42it/s][A

 67%|██████▋   | 53/79 [00:21<00:10,  2.39it/s][A

 68%|██████▊   | 54/79 [00:22<00:10,  2.35it/s][A

 70%|██████▉   | 55/79 [00:22<00:10,  2.36it/s][A

 71%|███████   | 56/79 [00:23<00:09,  2.36it/s][A

 72%|███████▏  | 57/79 [00:23<00:09,  2.38it/s][A

 73%|███████▎  | 58/79 [00:23<00:08,  2.40it/s][A

 75%|███████▍  | 59/79 [00:24<00:08,  2.36it/s][A

 76%|███████▌  | 60/79 [00:24<00:08,  2.32it/s][A

 77%|███████▋  | 61/79 [00:25<00:07,  2.30it/s][A

 78%|███████▊  | 62/79 [00:25<00:07,  2.31it/s][A

 80%|███████▉  | 63/79 [00:26<00:06,  2.36it/s][A

 81%|████████  | 64/79 [00:26<00:06,  2.41it/s][A

 82%|████████▏ | 65/79 [00:26<00:05,  2.38it/s][A

 84%|████████▎ | 66/79 [00:27<00:05,  2.34it/s][A

 85%|████████▍ | 67/79 [00:27<00:05,  2.33it/s][A

 86%|████████▌ | 68/79 [00:28<00:04,  2.31it/s][A

 87%|████████▋ | 69/79 [00:28<00:04,  2.30it/s][A

 89%|████████▊ | 70/79 [00:29<00:03,  2.31it/s][A

 90%|████████▉ | 71/79 [00:29<00:03,  2.31it/s][A

 91%|█████████ | 72/79 [00:29<00:03,  2.31it/s][A

 92%|█████████▏| 73/79 [00:30<00:02,  2.33it/s][A

 94%|█████████▎| 74/79 [00:30<00:02,  2.35it/s][A

 95%|█████████▍| 75/79 [00:31<00:01,  2.37it/s][A

 96%|█████████▌| 76/79 [00:31<00:01,  2.37it/s][A

 97%|█████████▋| 77/79 [00:32<00:00,  2.38it/s][A

 99%|█████████▊| 78/79 [00:32<00:00,  2.37it/s][A

100%|██████████| 79/79 [00:32<00:00,  2.50it/s][A
                                                 

                                               
[A
 64%|██████▍   | 200/313 [07:22<02:24,  1.28s/it]

100%|██████████| 79/79 [00:32<00:00,  2.50it/s][A

                                               [A
 64%|██████▍   | 201/313 [07:24<21:19, 11.42s/it]
 65%|██████▍   | 202/313 [07:25<15:25,  8.34s/it]
 65%|██████▍   | 203/313 [07:26<11:23,  6.21s/it]
 65%|██████▌   | 204/313 [07:27<08:29,  4.68s/it]
 65%|██████▌   | 205/313 [07:29<06:33,  3.65s/it]
                                                 

 65%|██████▌   | 205/313 [07:29<06:33,  3.65s/it]
 66%|██████▌   | 206/313 [07:30<05:13,  2.93s/it]
 66%|██████▌   | 207/313 [07:31<04:14,  2.40s/it]
 66%|██████▋   | 208/313 [07:32<03:34,  2.05s/it]
 67%|██████▋   | 209/313 [07:33<03:08,  1.82s/it]
 67%|██████▋   | 210/313 [07:35<02:49,  1.64s/it]
                                                 

 67%|██████▋   | 210/313 [07:35<02:49,  1.64s/it]
 67%|██████▋   | 211/313 [07:36<02:35,  1.53s/it]
 68%|██████▊   | 212/313 [07:37<02:26,  1.45s/it]
 68%|██████▊   | 213/313 [07:38<02:19,  1.39s/it]
 68%|██████▊   | 214/313 [07:40<02:13,  1.34s/it]
 69%|██████▊   | 215/313 [07:41<02:11,  1.35s/it]
                                                 

 69%|██████▊   | 215/313 [07:41<02:11,  1.35s/it]
 69%|██████▉   | 216/313 [07:42<02:06,  1.31s/it]
 69%|██████▉   | 217/313 [07:44<02:04,  1.30s/it]
 70%|██████▉   | 218/313 [07:45<02:02,  1.29s/it]
 70%|██████▉   | 219/313 [07:46<01:59,  1.27s/it]
 70%|███████   | 220/313 [07:47<01:55,  1.24s/it]
                                                 

 70%|███████   | 220/313 [07:47<01:55,  1.24s/it]
 71%|███████   | 221/313 [07:48<01:53,  1.23s/it]
 71%|███████   | 222/313 [07:50<01:52,  1.24s/it]
 71%|███████   | 223/313 [07:51<01:50,  1.23s/it]
 72%|███████▏  | 224/313 [07:52<01:51,  1.26s/it]
 72%|███████▏  | 225/313 [07:53<01:50,  1.25s/it]
                                                 

 72%|███████▏  | 225/313 [07:53<01:50,  1.25s/it]
 72%|███████▏  | 226/313 [07:55<01:48,  1.24s/it]
 73%|███████▎  | 227/313 [07:56<01:49,  1.27s/it]
 73%|███████▎  | 228/313 [07:57<01:49,  1.29s/it]
 73%|███████▎  | 229/313 [07:59<01:46,  1.27s/it]
 73%|███████▎  | 230/313 [08:00<01:42,  1.24s/it]
                                                 

 73%|███████▎  | 230/313 [08:00<01:42,  1.24s/it]
 74%|███████▍  | 231/313 [08:01<01:43,  1.27s/it]
 74%|███████▍  | 232/313 [08:02<01:40,  1.24s/it]
 74%|███████▍  | 233/313 [08:03<01:39,  1.24s/it]
 75%|███████▍  | 234/313 [08:05<01:38,  1.25s/it]
 75%|███████▌  | 235/313 [08:06<01:36,  1.24s/it]
                                                 

 75%|███████▌  | 235/313 [08:06<01:36,  1.24s/it]
 75%|███████▌  | 236/313 [08:07<01:36,  1.25s/it]
 76%|███████▌  | 237/313 [08:09<01:37,  1.28s/it]
 76%|███████▌  | 238/313 [08:10<01:37,  1.30s/it]
 76%|███████▋  | 239/313 [08:11<01:36,  1.31s/it]
 77%|███████▋  | 240/313 [08:12<01:30,  1.24s/it]
                                                 

 77%|███████▋  | 240/313 [08:12<01:30,  1.24s/it]
 77%|███████▋  | 241/313 [08:14<01:30,  1.25s/it]
 77%|███████▋  | 242/313 [08:15<01:28,  1.25s/it]
 78%|███████▊  | 243/313 [08:16<01:27,  1.25s/it]
 78%|███████▊  | 244/313 [08:17<01:23,  1.21s/it]
 78%|███████▊  | 245/313 [08:19<01:23,  1.23s/it]
                                                 

 78%|███████▊  | 245/313 [08:19<01:23,  1.23s/it]
 79%|███████▊  | 246/313 [08:20<01:23,  1.24s/it]
 79%|███████▉  | 247/313 [08:21<01:21,  1.24s/it]
 79%|███████▉  | 248/313 [08:22<01:22,  1.27s/it]
 80%|███████▉  | 249/313 [08:24<01:21,  1.27s/it]
 80%|███████▉  | 250/313 [08:25<01:21,  1.29s/it]
                                                 

 80%|███████▉  | 250/313 [08:25<01:21,  1.29s/it]
 80%|████████  | 251/313 [08:26<01:19,  1.28s/it]
 81%|████████  | 252/313 [08:27<01:16,  1.25s/it]
 81%|████████  | 253/313 [08:29<01:14,  1.25s/it]
 81%|████████  | 254/313 [08:30<01:14,  1.26s/it]
 81%|████████▏ | 255/313 [08:31<01:10,  1.21s/it]
                                                 

 81%|████████▏ | 255/313 [08:31<01:10,  1.21s/it]
 82%|████████▏ | 256/313 [08:32<01:09,  1.22s/it]
 82%|████████▏ | 257/313 [08:34<01:09,  1.23s/it]
 82%|████████▏ | 258/313 [08:35<01:08,  1.25s/it]
 83%|████████▎ | 259/313 [08:36<01:07,  1.26s/it]
 83%|████████▎ | 260/313 [08:37<01:06,  1.25s/it]
                                                 

 83%|████████▎ | 260/313 [08:37<01:06,  1.25s/it]
 83%|████████▎ | 261/313 [08:39<01:05,  1.26s/it]
 84%|████████▎ | 262/313 [08:40<01:05,  1.28s/it]
 84%|████████▍ | 263/313 [08:41<01:03,  1.28s/it]
 84%|████████▍ | 264/313 [08:42<01:01,  1.25s/it]
 85%|████████▍ | 265/313 [08:44<00:59,  1.23s/it]
                                                 

 85%|████████▍ | 265/313 [08:44<00:59,  1.23s/it]
 85%|████████▍ | 266/313 [08:45<00:57,  1.22s/it]
 85%|████████▌ | 267/313 [08:46<00:56,  1.23s/it]
 86%|████████▌ | 268/313 [08:47<00:55,  1.24s/it]
 86%|████████▌ | 269/313 [08:49<00:55,  1.25s/it]
 86%|████████▋ | 270/313 [08:50<00:53,  1.24s/it]
                                                 

 86%|████████▋ | 270/313 [08:50<00:53,  1.24s/it]
 87%|████████▋ | 271/313 [08:51<00:52,  1.25s/it]
 87%|████████▋ | 272/313 [08:52<00:49,  1.20s/it]
 87%|████████▋ | 273/313 [08:53<00:48,  1.21s/it]
 88%|████████▊ | 274/313 [08:55<00:47,  1.23s/it]
 88%|████████▊ | 275/313 [08:56<00:46,  1.21s/it]
                                                 

 88%|████████▊ | 275/313 [08:56<00:46,  1.21s/it]
 88%|████████▊ | 276/313 [08:57<00:45,  1.22s/it]
 88%|████████▊ | 277/313 [08:58<00:45,  1.25s/it]
 89%|████████▉ | 278/313 [09:00<00:44,  1.26s/it]
 89%|████████▉ | 279/313 [09:01<00:43,  1.27s/it]
 89%|████████▉ | 280/313 [09:02<00:42,  1.29s/it]
                                                 

 89%|████████▉ | 280/313 [09:02<00:42,  1.29s/it]
 90%|████████▉ | 281/313 [09:04<00:40,  1.27s/it]
 90%|█████████ | 282/313 [09:05<00:39,  1.29s/it]
 90%|█████████ | 283/313 [09:06<00:38,  1.27s/it]
 91%|█████████ | 284/313 [09:07<00:36,  1.26s/it]
 91%|█████████ | 285/313 [09:08<00:34,  1.22s/it]
                                                 

 91%|█████████ | 285/313 [09:08<00:34,  1.22s/it]
 91%|█████████▏| 286/313 [09:10<00:32,  1.21s/it]
 92%|█████████▏| 287/313 [09:11<00:31,  1.23s/it]
 92%|█████████▏| 288/313 [09:12<00:30,  1.24s/it]
 92%|█████████▏| 289/313 [09:13<00:29,  1.25s/it]
 93%|█████████▎| 290/313 [09:15<00:28,  1.24s/it]
                                                 

 93%|█████████▎| 290/313 [09:15<00:28,  1.24s/it]
 93%|█████████▎| 291/313 [09:16<00:27,  1.25s/it]
 93%|█████████▎| 292/313 [09:17<00:26,  1.25s/it]
 94%|█████████▎| 293/313 [09:18<00:24,  1.21s/it]
 94%|█████████▍| 294/313 [09:20<00:23,  1.23s/it]
 94%|█████████▍| 295/313 [09:21<00:22,  1.23s/it]
                                                 

 94%|█████████▍| 295/313 [09:21<00:22,  1.23s/it]
 95%|█████████▍| 296/313 [09:22<00:21,  1.24s/it]
 95%|█████████▍| 297/313 [09:23<00:18,  1.15s/it]
 95%|█████████▌| 298/313 [09:24<00:18,  1.20s/it]
 96%|█████████▌| 299/313 [09:26<00:17,  1.22s/it]
 96%|█████████▌| 300/313 [09:27<00:16,  1.25s/it]
                                                 

 96%|█████████▌| 300/313 [09:27<00:16,  1.25s/it]{'eval_loss': '0.6284', 'eval_runtime': '33.2', 'eval_samples_per_second': '150.6', 'eval_steps_per_second': '2.379', 'epoch': '0.639'}
{'loss': '0.6473', 'grad_norm': '0.317', 'learning_rate': '2.867e-06', 'epoch': '0.655'}
{'loss': '0.6233', 'grad_norm': '0.2967', 'learning_rate': '2.636e-06', 'epoch': '0.6709'}
{'loss': '0.6519', 'grad_norm': '0.3131', 'learning_rate': '2.411e-06', 'epoch': '0.6869'}
{'loss': '0.5881', 'grad_norm': '0.2757', 'learning_rate': '2.193e-06', 'epoch': '0.7029'}
{'loss': '0.6024', 'grad_norm': '0.3454', 'learning_rate': '1.982e-06', 'epoch': '0.7188'}
{'loss': '0.6316', 'grad_norm': '0.323', 'learning_rate': '1.779e-06', 'epoch': '0.7348'}
{'loss': '0.6506', 'grad_norm': '0.3127', 'learning_rate': '1.586e-06', 'epoch': '0.7508'}
{'loss': '0.5977', 'grad_norm': '0.3126', 'learning_rate': '1.401e-06', 'epoch': '0.7668'}
{'loss': '0.582', 'grad_norm': '0.3492', 'learning_rate': '1.226e-06', 'epoch': '0.7827'}
{'loss': '0.6587', 'grad_norm': '0.3056', 'learning_rate': '1.061e-06', 'epoch': '0.7987'}
{'loss': '0.5539', 'grad_norm': '0.3048', 'learning_rate': '9.067e-07', 'epoch': '0.8147'}
{'loss': '0.5733', 'grad_norm': '0.3066', 'learning_rate': '7.634e-07', 'epoch': '0.8307'}
{'loss': '0.5627', 'grad_norm': '0.3048', 'learning_rate': '6.315e-07', 'epoch': '0.8466'}
{'loss': '0.5687', 'grad_norm': '0.3075', 'learning_rate': '5.113e-07', 'epoch': '0.8626'}
{'loss': '0.5857', 'grad_norm': '0.3062', 'learning_rate': '4.032e-07', 'epoch': '0.8786'}
{'loss': '0.596', 'grad_norm': '0.3042', 'learning_rate': '3.075e-07', 'epoch': '0.8946'}
{'loss': '0.5876', 'grad_norm': '0.3361', 'learning_rate': '2.243e-07', 'epoch': '0.9105'}
{'loss': '0.6206', 'grad_norm': '0.3208', 'learning_rate': '1.54e-07', 'epoch': '0.9265'}
{'loss': '0.5421', 'grad_norm': '0.3143', 'learning_rate': '9.671e-08', 'epoch': '0.9425'}
{'loss': '0.5304', 'grad_norm': '0.2978', 'learning_rate': '5.258e-08', 'epoch': '0.9585'}


  0%|          | 0/79 [00:00<?, ?it/s][A

  3%|▎         | 2/79 [00:00<00:16,  4.64it/s][A

  4%|▍         | 3/79 [00:00<00:23,  3.27it/s][A

  5%|▌         | 4/79 [00:01<00:26,  2.80it/s][A

  6%|▋         | 5/79 [00:01<00:28,  2.57it/s][A

  8%|▊         | 6/79 [00:02<00:29,  2.45it/s][A

  9%|▉         | 7/79 [00:02<00:29,  2.43it/s][A

 10%|█         | 8/79 [00:03<00:29,  2.42it/s][A

 11%|█▏        | 9/79 [00:03<00:29,  2.40it/s][A

 13%|█▎        | 10/79 [00:03<00:28,  2.39it/s][A

 14%|█▍        | 11/79 [00:04<00:28,  2.39it/s][A

 15%|█▌        | 12/79 [00:04<00:28,  2.36it/s][A

 16%|█▋        | 13/79 [00:05<00:28,  2.35it/s][A

 18%|█▊        | 14/79 [00:05<00:27,  2.38it/s][A

 19%|█▉        | 15/79 [00:05<00:26,  2.38it/s][A

 20%|██        | 16/79 [00:06<00:26,  2.37it/s][A

 22%|██▏       | 17/79 [00:06<00:26,  2.37it/s][A

 23%|██▎       | 18/79 [00:07<00:25,  2.42it/s][A

 24%|██▍       | 19/79 [00:07<00:24,  2.47it/s][A

 25%|██▌       | 20/79 [00:08<00:24,  2.43it/s][A

 27%|██▋       | 21/79 [00:08<00:24,  2.40it/s][A

 28%|██▊       | 22/79 [00:08<00:23,  2.38it/s][A

 29%|██▉       | 23/79 [00:09<00:23,  2.41it/s][A

 30%|███       | 24/79 [00:09<00:22,  2.46it/s][A

 32%|███▏      | 25/79 [00:10<00:22,  2.42it/s][A

 33%|███▎      | 26/79 [00:10<00:22,  2.39it/s][A

 34%|███▍      | 27/79 [00:10<00:21,  2.38it/s][A

 35%|███▌      | 28/79 [00:11<00:21,  2.34it/s][A

 37%|███▋      | 29/79 [00:11<00:21,  2.32it/s][A

 38%|███▊      | 30/79 [00:12<00:20,  2.36it/s][A

 39%|███▉      | 31/79 [00:12<00:19,  2.41it/s][A

 41%|████      | 32/79 [00:13<00:19,  2.37it/s][A

 42%|████▏     | 33/79 [00:13<00:19,  2.36it/s][A

 43%|████▎     | 34/79 [00:13<00:19,  2.35it/s][A

 44%|████▍     | 35/79 [00:14<00:18,  2.35it/s][A

 46%|████▌     | 36/79 [00:14<00:18,  2.37it/s][A

 47%|████▋     | 37/79 [00:15<00:17,  2.35it/s][A

 48%|████▊     | 38/79 [00:15<00:17,  2.32it/s][A

 49%|████▉     | 39/79 [00:16<00:17,  2.33it/s][A

 51%|█████     | 40/79 [00:16<00:16,  2.34it/s][A

 52%|█████▏    | 41/79 [00:16<00:15,  2.39it/s][A

 53%|█████▎    | 42/79 [00:17<00:15,  2.42it/s][A

 54%|█████▍    | 43/79 [00:17<00:14,  2.42it/s][A

 56%|█████▌    | 44/79 [00:18<00:14,  2.47it/s][A

 57%|█████▋    | 45/79 [00:18<00:13,  2.49it/s][A

 58%|█████▊    | 46/79 [00:18<00:13,  2.53it/s][A

 59%|█████▉    | 47/79 [00:19<00:12,  2.48it/s][A

 61%|██████    | 48/79 [00:19<00:12,  2.47it/s][A

 62%|██████▏   | 49/79 [00:20<00:12,  2.47it/s][A

 63%|██████▎   | 50/79 [00:20<00:11,  2.45it/s][A

 65%|██████▍   | 51/79 [00:20<00:11,  2.45it/s][A

 66%|██████▌   | 52/79 [00:21<00:11,  2.42it/s][A

 67%|██████▋   | 53/79 [00:21<00:10,  2.39it/s][A

 68%|██████▊   | 54/79 [00:22<00:10,  2.35it/s][A

 70%|██████▉   | 55/79 [00:22<00:10,  2.36it/s][A

 71%|███████   | 56/79 [00:23<00:09,  2.36it/s][A

 72%|███████▏  | 57/79 [00:23<00:09,  2.38it/s][A

 73%|███████▎  | 58/79 [00:23<00:08,  2.40it/s][A

 75%|███████▍  | 59/79 [00:24<00:08,  2.36it/s][A

 76%|███████▌  | 60/79 [00:24<00:08,  2.32it/s][A

 77%|███████▋  | 61/79 [00:25<00:07,  2.31it/s][A

 78%|███████▊  | 62/79 [00:25<00:07,  2.31it/s][A

 80%|███████▉  | 63/79 [00:26<00:06,  2.36it/s][A

 81%|████████  | 64/79 [00:26<00:06,  2.41it/s][A

 82%|████████▏ | 65/79 [00:26<00:05,  2.38it/s][A

 84%|████████▎ | 66/79 [00:27<00:05,  2.34it/s][A

 85%|████████▍ | 67/79 [00:27<00:05,  2.33it/s][A

 86%|████████▌ | 68/79 [00:28<00:04,  2.31it/s][A

 87%|████████▋ | 69/79 [00:28<00:04,  2.30it/s][A

 89%|████████▊ | 70/79 [00:29<00:03,  2.31it/s][A

 90%|████████▉ | 71/79 [00:29<00:03,  2.31it/s][A

 91%|█████████ | 72/79 [00:29<00:03,  2.31it/s][A

 92%|█████████▏| 73/79 [00:30<00:02,  2.33it/s][A

 94%|█████████▎| 74/79 [00:30<00:02,  2.35it/s][A

 95%|█████████▍| 75/79 [00:31<00:01,  2.37it/s][A

 96%|█████████▌| 76/79 [00:31<00:01,  2.37it/s][A

 97%|█████████▋| 77/79 [00:32<00:00,  2.38it/s][A

 99%|█████████▊| 78/79 [00:32<00:00,  2.37it/s][A

100%|██████████| 79/79 [00:32<00:00,  2.50it/s][A
                                                 

                                               
[A
 96%|█████████▌| 300/313 [10:00<00:16,  1.25s/it]

100%|██████████| 79/79 [00:32<00:00,  2.50it/s][A

                                               [A
 96%|█████████▌| 301/313 [10:02<02:16, 11.40s/it]
 96%|█████████▋| 302/313 [10:03<01:32,  8.38s/it]
 97%|█████████▋| 303/313 [10:05<01:02,  6.25s/it]
 97%|█████████▋| 304/313 [10:06<00:42,  4.76s/it]
 97%|█████████▋| 305/313 [10:07<00:29,  3.73s/it]
                                                 

 97%|█████████▋| 305/313 [10:07<00:29,  3.73s/it]
 98%|█████████▊| 306/313 [10:08<00:20,  2.92s/it]
 98%|█████████▊| 307/313 [10:09<00:14,  2.42s/it]
 98%|█████████▊| 308/313 [10:11<00:10,  2.07s/it]
 99%|█████████▊| 309/313 [10:12<00:07,  1.83s/it]
 99%|█████████▉| 310/313 [10:13<00:04,  1.66s/it]
                                                 

 99%|█████████▉| 310/313 [10:13<00:04,  1.66s/it]
 99%|█████████▉| 311/313 [10:15<00:03,  1.55s/it]
100%|█████████▉| 312/313 [10:16<00:01,  1.49s/it]
100%|██████████| 313/313 [10:17<00:00,  1.23s/it]{'eval_loss': '0.5781', 'eval_runtime': '33.19', 'eval_samples_per_second': '150.6', 'eval_steps_per_second': '2.38', 'epoch': '0.9585'}
{'loss': '0.5587', 'grad_norm': '0.2888', 'learning_rate': '2.175e-08', 'epoch': '0.9744'}
{'loss': '0.5766', 'grad_norm': '0.3064', 'learning_rate': '4.299e-09', 'epoch': '0.9904'}


  0%|          | 0/79 [00:00<?, ?it/s][A

  3%|▎         | 2/79 [00:00<00:16,  4.64it/s][A

  4%|▍         | 3/79 [00:00<00:23,  3.27it/s][A

  5%|▌         | 4/79 [00:01<00:26,  2.80it/s][A

  6%|▋         | 5/79 [00:01<00:28,  2.57it/s][A

  8%|▊         | 6/79 [00:02<00:29,  2.46it/s][A

  9%|▉         | 7/79 [00:02<00:29,  2.43it/s][A

 10%|█         | 8/79 [00:03<00:29,  2.42it/s][A

 11%|█▏        | 9/79 [00:03<00:29,  2.40it/s][A

 13%|█▎        | 10/79 [00:03<00:28,  2.39it/s][A

 14%|█▍        | 11/79 [00:04<00:28,  2.39it/s][A

 15%|█▌        | 12/79 [00:04<00:28,  2.36it/s][A

 16%|█▋        | 13/79 [00:05<00:28,  2.35it/s][A

 18%|█▊        | 14/79 [00:05<00:27,  2.38it/s][A

 19%|█▉        | 15/79 [00:05<00:26,  2.38it/s][A

 20%|██        | 16/79 [00:06<00:26,  2.37it/s][A

 22%|██▏       | 17/79 [00:06<00:26,  2.37it/s][A

 23%|██▎       | 18/79 [00:07<00:25,  2.42it/s][A

 24%|██▍       | 19/79 [00:07<00:24,  2.47it/s][A

 25%|██▌       | 20/79 [00:08<00:24,  2.43it/s][A

 27%|██▋       | 21/79 [00:08<00:24,  2.40it/s][A

 28%|██▊       | 22/79 [00:08<00:23,  2.38it/s][A

 29%|██▉       | 23/79 [00:09<00:23,  2.41it/s][A

 30%|███       | 24/79 [00:09<00:22,  2.46it/s][A

 32%|███▏      | 25/79 [00:10<00:22,  2.42it/s][A

 33%|███▎      | 26/79 [00:10<00:22,  2.39it/s][A

 34%|███▍      | 27/79 [00:10<00:21,  2.38it/s][A

 35%|███▌      | 28/79 [00:11<00:21,  2.34it/s][A

 37%|███▋      | 29/79 [00:11<00:21,  2.32it/s][A

 38%|███▊      | 30/79 [00:12<00:20,  2.36it/s][A

 39%|███▉      | 31/79 [00:12<00:19,  2.41it/s][A

 41%|████      | 32/79 [00:13<00:19,  2.37it/s][A

 42%|████▏     | 33/79 [00:13<00:19,  2.36it/s][A

 43%|████▎     | 34/79 [00:13<00:19,  2.35it/s][A

 44%|████▍     | 35/79 [00:14<00:18,  2.35it/s][A

 46%|████▌     | 36/79 [00:14<00:18,  2.37it/s][A

 47%|████▋     | 37/79 [00:15<00:17,  2.35it/s][A

 48%|████▊     | 38/79 [00:15<00:17,  2.32it/s][A

 49%|████▉     | 39/79 [00:16<00:17,  2.33it/s][A

 51%|█████     | 40/79 [00:16<00:16,  2.34it/s][A

 52%|█████▏    | 41/79 [00:16<00:15,  2.39it/s][A

 53%|█████▎    | 42/79 [00:17<00:15,  2.42it/s][A

 54%|█████▍    | 43/79 [00:17<00:14,  2.42it/s][A

 56%|█████▌    | 44/79 [00:18<00:14,  2.47it/s][A

 57%|█████▋    | 45/79 [00:18<00:13,  2.49it/s][A

 58%|█████▊    | 46/79 [00:18<00:13,  2.53it/s][A

 59%|█████▉    | 47/79 [00:19<00:12,  2.48it/s][A

 61%|██████    | 48/79 [00:19<00:12,  2.47it/s][A

 62%|██████▏   | 49/79 [00:20<00:12,  2.47it/s][A

 63%|██████▎   | 50/79 [00:20<00:11,  2.45it/s][A

 65%|██████▍   | 51/79 [00:20<00:11,  2.45it/s][A

 66%|██████▌   | 52/79 [00:21<00:11,  2.42it/s][A

 67%|██████▋   | 53/79 [00:21<00:10,  2.39it/s][A

 68%|██████▊   | 54/79 [00:22<00:10,  2.35it/s][A

 70%|██████▉   | 55/79 [00:22<00:10,  2.36it/s][A

 71%|███████   | 56/79 [00:23<00:09,  2.36it/s][A

 72%|███████▏  | 57/79 [00:23<00:09,  2.38it/s][A

 73%|███████▎  | 58/79 [00:23<00:08,  2.40it/s][A

 75%|███████▍  | 59/79 [00:24<00:08,  2.36it/s][A

 76%|███████▌  | 60/79 [00:24<00:08,  2.32it/s][A

 77%|███████▋  | 61/79 [00:25<00:07,  2.31it/s][A

 78%|███████▊  | 62/79 [00:25<00:07,  2.31it/s][A

 80%|███████▉  | 63/79 [00:26<00:06,  2.36it/s][A

 81%|████████  | 64/79 [00:26<00:06,  2.41it/s][A

 82%|████████▏ | 65/79 [00:26<00:05,  2.38it/s][A

 84%|████████▎ | 66/79 [00:27<00:05,  2.34it/s][A

 85%|████████▍ | 67/79 [00:27<00:05,  2.33it/s][A

 86%|████████▌ | 68/79 [00:28<00:04,  2.31it/s][A

 87%|████████▋ | 69/79 [00:28<00:04,  2.30it/s][A

 89%|████████▊ | 70/79 [00:29<00:03,  2.31it/s][A

 90%|████████▉ | 71/79 [00:29<00:03,  2.31it/s][A

 91%|█████████ | 72/79 [00:29<00:03,  2.31it/s][A

 92%|█████████▏| 73/79 [00:30<00:02,  2.33it/s][A

 94%|█████████▎| 74/79 [00:30<00:02,  2.35it/s][A

 95%|█████████▍| 75/79 [00:31<00:01,  2.37it/s][A

 96%|█████████▌| 76/79 [00:31<00:01,  2.37it/s][A

 97%|█████████▋| 77/79 [00:32<00:00,  2.38it/s][A

 99%|█████████▊| 78/79 [00:32<00:00,  2.37it/s][A

100%|██████████| 79/79 [00:32<00:00,  2.51it/s][A
                                                 

                                               
[A
100%|██████████| 313/313 [10:50<00:00,  1.23s/it]

100%|██████████| 79/79 [00:32<00:00,  2.51it/s][A

                                               [A
                                                 

100%|██████████| 313/313 [10:50<00:00,  1.23s/it]
100%|██████████| 313/313 [10:50<00:00,  2.08s/it]
{'eval_loss': '0.578', 'eval_runtime': '33.18', 'eval_samples_per_second': '150.7', 'eval_steps_per_second': '2.381', 'epoch': '1'}
{'train_runtime': '650.8', 'train_samples_per_second': '30.73', 'train_steps_per_second': '0.481', 'train_loss': '0.8576', 'epoch': '1'}

  0%|          | 0/79 [00:00<?, ?it/s]
  3%|▎         | 2/79 [00:00<00:16,  4.64it/s]
  4%|▍         | 3/79 [00:00<00:23,  3.27it/s]
  5%|▌         | 4/79 [00:01<00:26,  2.80it/s]
  6%|▋         | 5/79 [00:01<00:28,  2.57it/s]
  8%|▊         | 6/79 [00:02<00:29,  2.46it/s]
  9%|▉         | 7/79 [00:02<00:29,  2.43it/s]
 10%|█         | 8/79 [00:03<00:29,  2.42it/s]
 11%|█▏        | 9/79 [00:03<00:29,  2.40it/s]
 13%|█▎        | 10/79 [00:03<00:28,  2.39it/s]
 14%|█▍        | 11/79 [00:04<00:28,  2.39it/s]
 15%|█▌        | 12/79 [00:04<00:28,  2.36it/s]
 16%|█▋        | 13/79 [00:05<00:28,  2.35it/s]
 18%|█▊        | 14/79 [00:05<00:27,  2.38it/s]
 19%|█▉        | 15/79 [00:05<00:26,  2.38it/s]
 20%|██        | 16/79 [00:06<00:26,  2.37it/s]
 22%|██▏       | 17/79 [00:06<00:26,  2.37it/s]
 23%|██▎       | 18/79 [00:07<00:25,  2.42it/s]
 24%|██▍       | 19/79 [00:07<00:24,  2.47it/s]
 25%|██▌       | 20/79 [00:08<00:24,  2.43it/s]
 27%|██▋       | 21/79 [00:08<00:24,  2.40it/s]
 28%|██▊       | 22/79 [00:08<00:23,  2.38it/s]
 29%|██▉       | 23/79 [00:09<00:23,  2.41it/s]
 30%|███       | 24/79 [00:09<00:22,  2.46it/s]
 32%|███▏      | 25/79 [00:10<00:22,  2.42it/s]
 33%|███▎      | 26/79 [00:10<00:22,  2.39it/s]
 34%|███▍      | 27/79 [00:10<00:21,  2.38it/s]
 35%|███▌      | 28/79 [00:11<00:21,  2.34it/s]
 37%|███▋      | 29/79 [00:11<00:21,  2.32it/s]
 38%|███▊      | 30/79 [00:12<00:20,  2.36it/s]
 39%|███▉      | 31/79 [00:12<00:19,  2.41it/s]
 41%|████      | 32/79 [00:13<00:19,  2.37it/s]
 42%|████▏     | 33/79 [00:13<00:19,  2.36it/s]
 43%|████▎     | 34/79 [00:13<00:19,  2.35it/s]
 44%|████▍     | 35/79 [00:14<00:18,  2.35it/s]
 46%|████▌     | 36/79 [00:14<00:18,  2.37it/s]
 47%|████▋     | 37/79 [00:15<00:17,  2.35it/s]
 48%|████▊     | 38/79 [00:15<00:17,  2.32it/s]
 49%|████▉     | 39/79 [00:16<00:17,  2.33it/s]
 51%|█████     | 40/79 [00:16<00:16,  2.34it/s]
 52%|█████▏    | 41/79 [00:16<00:15,  2.38it/s]
 53%|█████▎    | 42/79 [00:17<00:15,  2.42it/s]
 54%|█████▍    | 43/79 [00:17<00:14,  2.42it/s]
 56%|█████▌    | 44/79 [00:18<00:14,  2.47it/s]
 57%|█████▋    | 45/79 [00:18<00:13,  2.49it/s]
 58%|█████▊    | 46/79 [00:18<00:13,  2.53it/s]
 59%|█████▉    | 47/79 [00:19<00:12,  2.48it/s]
 61%|██████    | 48/79 [00:19<00:12,  2.47it/s]
 62%|██████▏   | 49/79 [00:20<00:12,  2.47it/s]
 63%|██████▎   | 50/79 [00:20<00:11,  2.45it/s]
 65%|██████▍   | 51/79 [00:20<00:11,  2.45it/s]
 66%|██████▌   | 52/79 [00:21<00:11,  2.42it/s]
 67%|██████▋   | 53/79 [00:21<00:10,  2.39it/s]
 68%|██████▊   | 54/79 [00:22<00:10,  2.35it/s]
 70%|██████▉   | 55/79 [00:22<00:10,  2.36it/s]
 71%|███████   | 56/79 [00:23<00:09,  2.36it/s]
 72%|███████▏  | 57/79 [00:23<00:09,  2.38it/s]
 73%|███████▎  | 58/79 [00:23<00:08,  2.40it/s]
 75%|███████▍  | 59/79 [00:24<00:08,  2.36it/s]
 76%|███████▌  | 60/79 [00:24<00:08,  2.32it/s]
 77%|███████▋  | 61/79 [00:25<00:07,  2.31it/s]
 78%|███████▊  | 62/79 [00:25<00:07,  2.31it/s]
 80%|███████▉  | 63/79 [00:26<00:06,  2.36it/s]
 81%|████████  | 64/79 [00:26<00:06,  2.41it/s]
 82%|████████▏ | 65/79 [00:26<00:05,  2.38it/s]
 84%|████████▎ | 66/79 [00:27<00:05,  2.34it/s]
 85%|████████▍ | 67/79 [00:27<00:05,  2.33it/s]
 86%|████████▌ | 68/79 [00:28<00:04,  2.31it/s]
 87%|████████▋ | 69/79 [00:28<00:04,  2.30it/s]
 89%|████████▊ | 70/79 [00:29<00:03,  2.31it/s]
 90%|████████▉ | 71/79 [00:29<00:03,  2.31it/s]
 91%|█████████ | 72/79 [00:29<00:03,  2.31it/s]
 92%|█████████▏| 73/79 [00:30<00:02,  2.33it/s]
 94%|█████████▎| 74/79 [00:30<00:02,  2.35it/s]
 95%|█████████▍| 75/79 [00:31<00:01,  2.37it/s]
 96%|█████████▌| 76/79 [00:31<00:01,  2.37it/s]
 97%|█████████▋| 77/79 [00:32<00:00,  2.38it/s]
 99%|█████████▊| 78/79 [00:32<00:00,  2.37it/s]
100%|██████████| 79/79 [00:32<00:00,  2.50it/s]
100%|██████████| 79/79 [00:32<00:00,  2.41it/s]
{
  "adapter": {
    "bytes": 85342827,
    "file_count": 6,
    "files": [
      {
        "bytes": 5292,
        "path": "README.md",
        "sha256": "77fdfa86451b7cfedaf1817af090f06ac15f9b5531841d7c3a36e48954f4cf88"
      },
      {
        "bytes": 1331,
        "path": "adapter_config.json",
        "sha256": "cdf9be8feb234448e9fe9280ab97231f47c939bc00198f55d67d294203e5131b"
      },
      {
        "bytes": 73911112,
        "path": "adapter_model.safetensors",
        "sha256": "0625bd1811dde89c0704ddce90eb77bac8d5e9c65484843ae721d9ef4b7dbfe0"
      },
      {
        "bytes": 2507,
        "path": "chat_template.jinja",
        "sha256": "cd8e9439f0570856fd70470bf8889ebd8b5d1107207f67a5efb46e342330527f"
      },
      {
        "bytes": 11421892,
        "path": "tokenizer.json",
        "sha256": "3fd169731d2cbde95e10bf356d66d5997fd885dd8dbb6fb4684da3f23b2585d8"
      },
      {
        "bytes": 693,
        "path": "tokenizer_config.json",
        "sha256": "42da4d0fc593229983d8879cd5b96eaa0f6f817ec5327373cfdb46e638c16a7e"
      }
    ],
    "root": "/rds/user/ein21/hpc-work/muta-round2/runs/pilots/warm-r16-lr1e5/adapter",
    "tree_sha256": "eedae2da530769a2d2b261bcec6ac11006210c3b068f0ce592e0ad02e781d311"
  },
  "base_lineage": {
    "observed": {
      "bytes": 3098900988,
      "file_count": 6,
      "files": [
        {
          "bytes": 2507,
          "path": "chat_template.jinja",
          "sha256": "cd8e9439f0570856fd70470bf8889ebd8b5d1107207f67a5efb46e342330527f"
        },
        {
          "bytes": 1559,
          "path": "config.json",
          "sha256": "54cdb2c601e776c516944180e20afcbc1d4703e4aae1fb9992c4267e592cd943"
        },
        {
          "bytes": 264,
          "path": "generation_config.json",
          "sha256": "07a1bb92be644dad5d1cf08629a670d9599006c05c0acada948185fec99d2679"
        },
        {
          "bytes": 3087467144,
          "path": "model.safetensors",
          "sha256": "ecf2bfc3166a059935b902c44720298f8d4a5e2fda6bf57dacf928ca5747da88"
        },
        {
          "bytes": 11422166,
          "path": "tokenizer.json",
          "sha256": "6b4360dd6a184650ffc48056c2569bc603f896c5adfe94b10f1c79f809638aa5"
        },
        {
          "bytes": 7348,
          "path": "tokenizer_config.json",
          "sha256": "faf96c5a15aaaabbc243a2fd1300402a3a938ec26aee464862141b6570def7bd"
        }
      ],
      "root": "/rds/user/ein21/hpc-work/muta-round2/bases/incumbent-muta-merged",
      "tree_sha256": "02add79d0a5d451c7b75a986a4d3154bf6a98e23f12d9f913f00036c1909fec8"
    },
    "receipt": {
      "collector": {
        "bytes": 3937,
        "path": "/lambda/nfs/awf-tmp/muta/campaign-20260918/provenance/collect_lineage.py",
        "sha256": "cb974a5a58e449553c204d16d7cd93f39372d5814e1f371f0e16a6433c39d652"
      },
      "created_unix": 1789697541.9194715,
      "host": "129-213-31-157",
      "lineage": "warm",
      "prior_stage": {
        "adapter": {
          "bytes": 85346993,
          "file_count": 6,
          "files": [
            {
              "bytes": 5216,
              "path": "README.md",
              "sha256": "e6ecb62553d8964497f5367fc20a2d17c2cb5fa9bc79d4fc6547826e1717eb7e"
            },
            {
              "bytes": 1293,
              "path": "adapter_config.json",
              "sha256": "782b6afad59a93f3432b4da5e8b9e536f728a0d832f34370ca582f87a2b4b387"
            },
            {
              "bytes": 73911112,
              "path": "adapter_model.safetensors",
              "sha256": "aad98dc13535c2e5144f78850f297ba95621bd4ed51f79e4fcc634aae432c795"
            },
            {
              "bytes": 2507,
              "path": "chat_template.jinja",
              "sha256": "cd8e9439f0570856fd70470bf8889ebd8b5d1107207f67a5efb46e342330527f"
            },
            {
              "bytes": 11422166,
              "path": "tokenizer.json",
              "sha256": "6b4360dd6a184650ffc48056c2569bc603f896c5adfe94b10f1c79f809638aa5"
            },
            {
              "bytes": 4699,
              "path": "tokenizer_config.json",
              "sha256": "f0eb1e370f0fbd75380a8a7d41c1b871330cb427f06867a3d5bc9e50ca51dc53"
            }
          ],
          "root": "/home/ubuntu/muta-finetune/runs-metric/qwen25-bf16-r16-licensed-mcq-lr2e5-500/adapter",
          "tree_sha256": "6adc4394871fcc87d45aca7a2d6fe2a871122260500e71d236fe1b9d6c6d3f9e"
        },
        "already_merged_into_training_base": true,
        "description": "BF16 LoRA r16, 500 steps, licence-clean ARC/QASC MCQ mixture",
        "published_gguf": {
          "bytes": 986048128,
          "path": "/home/ubuntu/muta-finetune/runs-metric/qwen25-bf16-r16-licensed-mcq-lr2e5-500/gguf_gguf/Qwen2.5-1.5B-Instruct.Q4_K_M.gguf",
          "sha256": "a750d00d458c6ab38925364ea1413db00648449180941e47025736d09922e1eb"
        },
        "published_huggingface_commit": "a27fa778dd40cf89fc9d66b18cd767e34892ec3a",
        "training_manifest": {
          "bytes": 1371,
          "path": "/home/ubuntu/muta-finetune/runs-metric/qwen25-bf16-r16-licensed-mcq-lr2e5-500/training-manifest.json",
          "sha256": "fe4cbb0e7211277f3ff0d028cabd75bcfb9f73f6a6e5cecd3fe77a57fc8a70df"
        }
      },
      "schema_version": 1,
      "training_base": {
        "bytes": 3098900988,
        "file_count": 6,
        "files": [
          {
            "bytes": 2507,
            "path": "chat_template.jinja",
            "sha256": "cd8e9439f0570856fd70470bf8889ebd8b5d1107207f67a5efb46e342330527f"
          },
          {
            "bytes": 1559,
            "path": "config.json",
            "sha256": "54cdb2c601e776c516944180e20afcbc1d4703e4aae1fb9992c4267e592cd943"
          },
          {
            "bytes": 264,
            "path": "generation_config.json",
            "sha256": "07a1bb92be644dad5d1cf08629a670d9599006c05c0acada948185fec99d2679"
          },
          {
            "bytes": 3087467144,
            "path": "model.safetensors",
            "sha256": "ecf2bfc3166a059935b902c44720298f8d4a5e2fda6bf57dacf928ca5747da88"
          },
          {
            "bytes": 11422166,
            "path": "tokenizer.json",
            "sha256": "6b4360dd6a184650ffc48056c2569bc603f896c5adfe94b10f1c79f809638aa5"
          },
          {
            "bytes": 7348,
            "path": "tokenizer_config.json",
            "sha256": "faf96c5a15aaaabbc243a2fd1300402a3a938ec26aee464862141b6570def7bd"
          }
        ],
        "root": "/home/ubuntu/muta-finetune/runs-metric/qwen25-bf16-r16-licensed-mcq-lr2e5-500/merged_16bit",
        "tree_sha256": "02add79d0a5d451c7b75a986a4d3154bf6a98e23f12d9f913f00036c1909fec8"
      },
      "upstream": {
        "license": "Apache-2.0",
        "model": "Qwen/Qwen2.5-1.5B-Instruct",
        "model_safetensors_sha256": "dd924a11b4c220f385b51ffa522daea7c9f3d850e31b162bb5661df483c6d3ee",
        "revision": "989aa7980e4cf806f80c7fef2b1adb7bc71aa306"
      }
    },
    "receipt_sha256": "27c21acb1425511f0cb013283a522afe69409aa25c91412946b040b89fc43354"
  },
  "batch_size": 64,
  "completion_only_loss": true,
  "dataset": {
    "dataset_fingerprint_sha256": "037edf28cccff62d90c23e2d6caf56b9998dea6928080f98af2a513f9f92910e",
    "manifest_path": "/rds/user/ein21/hpc-work/muta-round2/data/muta-stem-v2-sft-300k/manifest.json",
    "manifest_sha256": "93b7dbcbad72350e099d8951effcbc9a253693dc364b25ffc165102a6e844f4e",
    "row_count": 300350,
    "shards": [
      {
        "bytes": 67687739,
        "path": "part-00000.jsonl",
        "rows": 25000,
        "sha256": "4640a201fb729650d73b371bb35de1dc898d2334f7f76af864a67ce9c6d6b2f1"
      },
      {
        "bytes": 60424563,
        "path": "part-00001.jsonl",
        "rows": 25000,
        "sha256": "ce778cc9a0f59cdabaf68dff228ad8ac80d3a740cdf9924d9307acff78569dda"
      },
      {
        "bytes": 66360072,
        "path": "part-00002.jsonl",
        "rows": 25000,
        "sha256": "94e7fa72cd4c715241fa9a4e119c2a7b5b076cacac492ba0333227e523353643"
      },
      {
        "bytes": 62842881,
        "path": "part-00003.jsonl",
        "rows": 25000,
        "sha256": "da294b457e6c06266fc608a82581b9ed11c007d51b66a2c1d07fd45055e382d6"
      },
      {
        "bytes": 68257605,
        "path": "part-00004.jsonl",
        "rows": 25000,
        "sha256": "3f2207562d5e435c46fdb5a961dc6c1c223056b528bec5be40f764ff3aab01ce"
      },
      {
        "bytes": 64169191,
        "path": "part-00005.jsonl",
        "rows": 25000,
        "sha256": "772a2e483849156836a44199ef1acdaddefd2ce944f906326c8a30274f135aa8"
      },
      {
        "bytes": 63856555,
        "path": "part-00006.jsonl",
        "rows": 25000,
        "sha256": "7f1755035c36723a04c2e808ca17d439dabd681fe42d89bcb6ef849eb62a45a2"
      },
      {
        "bytes": 66590047,
        "path": "part-00007.jsonl",
        "rows": 25000,
        "sha256": "aed590e62510afb960a34df9db965bad475781ef84014c87de1b709840c15184"
      },
      {
        "bytes": 64782768,
        "path": "part-00008.jsonl",
        "rows": 25000,
        "sha256": "1294ae40409d45657a42b0b4e2c03f1827cd0bb884dffb9e2037dfd9b2b5a59c"
      },
      {
        "bytes": 69842629,
        "path": "part-00009.jsonl",
        "rows": 25000,
        "sha256": "2586ec448656a1746170e376e4fb049917bf0b9eabe2a5cc304ac708cc51a9d9"
      },
      {
        "bytes": 65315098,
        "path": "part-00010.jsonl",
        "rows": 25000,
        "sha256": "9b13f65d1a60da270a38803384c80cd96b63550af97cb9953fe0725b001dc09f"
      },
      {
        "bytes": 54307774,
        "path": "part-00011.jsonl",
        "rows": 25000,
        "sha256": "60440aac97e55949ae85472a81c2b5b9161b8df3e43a93510721311e49507ea0"
      },
      {
        "bytes": 296036,
        "path": "part-00012-private-waec-e1720e95858d.jsonl",
        "rows": 47,
        "sha256": "c165a0e0f7ede07b9e2843aef5ac714c88b45dbdfd73f99d733d3b35b115bb4e"
      },
      {
        "bytes": 1716873,
        "path": "part-00013-private-waec-363447d90421.jsonl",
        "rows": 303,
        "sha256": "9514e87da6237cd0f2dd9b6f73d19d7ba447ea83ecfb333cf45e8778f22648c6"
      }
    ]
  },
  "elapsed_seconds": 696.617,
  "environment": {
    "cuda": "12.1",
    "cuda_visible_devices": "0",
    "gpu": "NVIDIA A100-SXM4-80GB",
    "hostname": "gpu-q-23",
    "packages": {
      "accelerate": "1.14.0",
      "bitsandbytes": "0.50.1",
      "datasets": "4.3.0",
      "huggingface-hub": "1.32.0",
      "matplotlib": "3.10.7",
      "numpy": "2.1.2",
      "peft": "0.20.0",
      "safetensors": "0.8.0",
      "torch": "2.5.1+cu121",
      "transformers": "5.5.0",
      "triton": "3.1.0",
      "trl": "0.24.0",
      "unsloth": "2026.8.19",
      "xformers": "0.0.28.post3"
    },
    "platform": "Linux-4.18.0-553.157.1.el8_10.x86_64-x86_64-with-glibc2.28",
    "python": "3.10.19",
    "slurm_array_job_id": null,
    "slurm_array_task_id": null,
    "slurm_job_id": "35754294",
    "torch": "2.5.1+cu121",
    "unsloth_compile_location": "/rds/user/ein21/hpc-work/muta-round2/runs/pilots/.unsloth-compiled-cache"
  },
  "epochs": 1.0,
  "eval_batch_size": 64,
  "git": {
    "available": true,
    "commit": "a48eeae987c9f4d5ae190b7a24714d0f67770297",
    "diff_sha256": "e3b0c44298fc1c149afbf4c8996fb92427ae41e4649b934ca495991b7852b855",
    "dirty": false,
    "status": []
  },
  "global_batch_per_gpu": 64,
  "gpu_memory": {
    "before_training": {
      "current_allocated_bytes": 3199037952,
      "current_reserved_bytes": 3223322624,
      "device_index": 0,
      "device_name": "NVIDIA A100-SXM4-80GB",
      "device_total_bytes": 85094825984,
      "peak_allocated_bytes": 3199275008,
      "peak_reserved_bytes": 3223322624
    },
    "final_evaluation": {
      "current_allocated_bytes": 3570162176,
      "current_reserved_bytes": 21315452928,
      "device_index": 0,
      "device_name": "NVIDIA A100-SXM4-80GB",
      "device_total_bytes": 85094825984,
      "peak_allocated_bytes": 20840287232,
      "peak_reserved_bytes": 21315452928
    },
    "training": {
      "current_allocated_bytes": 3570162176,
      "current_reserved_bytes": 21315452928,
      "device_index": 0,
      "device_name": "NVIDIA A100-SXM4-80GB",
      "device_total_bytes": 85094825984,
      "peak_allocated_bytes": 20840740352,
      "peak_reserved_bytes": 21315452928
    }
  },
  "gradient_accumulation": 1,
  "learning_rate": 1e-05,
  "lineage": "warm",
  "lora_alpha": 16,
  "max_length": 512,
  "max_steps": -1,
  "metrics": {
    "loss-curve.png": {
      "bytes": 75386,
      "sha256": "be9bbf4db202fbca629827b59eb41fac32de42f8d0ebe4446eda02e5816af887"
    },
    "loss-curve.svg": {
      "bytes": 32240,
      "sha256": "ce4a6ff198e96e6365e5bb6559df2d8bd8d571b6cd018685d1782263aa8d6732"
    },
    "metrics.csv": {
      "bytes": 6440,
      "sha256": "b50e937551c27a93e3db989e6468f2192d3524cf81fb217bc45e92e78ac5af96"
    },
    "metrics.jsonl": {
      "bytes": 10055,
      "sha256": "9e9a4aeb7d6d49ca3b9ecaed5e81d83c87d7e1bb626b756c69a06776f41b1800"
    }
  },
  "pilot_rows": 20000,
  "planned_steps": 313,
  "private_policy": "include",
  "rank": 16,
  "run_name": "warm-r16-lr1e5",
  "schema_version": 2,
  "scripts": {
    "campaign_io.py": "ded88829f91109eb6664d3cf177cde7a8c9665cab731204213ab33047b8fe121",
    "train_lora.py": "bfca938da9413ef61a12d4c46ee853d74ebf0c7af69749411e000f8c88e06637",
    "train_lora_round2.py": "10506d597a80110b2dedab395b0ce059697ef7c2703851a839b9f6c2ff106416"
  },
  "seed": 3407,
  "source_counts_after_policy": {
    "cheetahwaec": 303,
    "deepmind_mathematics": 20000,
    "muta_verified_stem_v2": 280000,
    "waec_elearning": 47
  },
  "source_counts_before_policy": {
    "cheetahwaec": 303,
    "deepmind_mathematics": 20000,
    "muta_verified_stem_v2": 280000,
    "waec_elearning": 47
  },
  "target_modules": [
    "q_proj",
    "k_proj",
    "v_proj",
    "o_proj",
    "gate_proj",
    "up_proj",
    "down_proj"
  ],
  "tokenization": {
    "train": {
      "assistant_tokens": 1677234,
      "max_sequence_tokens": 311,
      "rows": 20000,
      "sequence_tokens": 3258196
    },
    "validation": {
      "assistant_tokens": 418227,
      "max_sequence_tokens": 296,
      "rows": 5000,
      "sequence_tokens": 812568
    }
  },
  "tokenizer": {
    "files": {
      "tokenizer.json": {
        "bytes": 7031645,
        "path": "/rds/user/ein21/hpc-work/muta-round2/bases/upstream-qwen25/tokenizer.json",
        "sha256": "c0382117ea329cdf097041132f6d735924b697924d6f6fc3945713e96ce87539"
      },
      "tokenizer_config.json": {
        "bytes": 7305,
        "path": "/rds/user/ein21/hpc-work/muta-round2/bases/upstream-qwen25/tokenizer_config.json",
        "sha256": "5b5d4f65d0acd3b2d56a35b56d374a36cbc1c8fa5cf3b3febbbfabf22f359583"
      }
    },
    "lineage_receipt_sha256": "e92c17e795759007127c8a52783f29e7f2a8a0d438c3fc9fc1e5fa4af5dfe9e6"
  },
  "train_metrics": {
    "epoch": 1.0,
    "total_flos": 4.39559463590953e+16,
    "train_loss": 0.8575709871590709,
    "train_runtime": 650.8321,
    "train_samples_per_second": 30.73,
    "train_steps_per_second": 0.481
  },
  "train_ordered_id_sha256": "82ad3609d53c84502a020b6efce030133dce1bd4d92650952f4424aa5a8bca63",
  "trainer_epoch": 1.0,
  "trainer_global_step": 313,
  "training_method": "lora_bf16",
  "training_source_counts": {
    "cheetahwaec": 28,
    "deepmind_mathematics": 1302,
    "muta_verified_stem_v2": 18663,
    "waec_elearning": 7
  },
  "validation": {
    "dataset_fingerprint_sha256": "c056e1744fe148f847354527aa7c7caf6b1fc24fec509f9834d700345e68cc8b",
    "manifest_path": "/rds/user/ein21/hpc-work/muta-round2/data/round2-dev-5000/manifest.json",
    "manifest_sha256": "2bbde7545eef5ddd531705e6e71ebc09321e3c7bfbb371ec89ed471696dda301",
    "row_count": 5000,
    "shards": [
      {
        "bytes": 12901290,
        "path": "dev.jsonl",
        "rows": 5000,
        "sha256": "ca7d182a4536c9fabee8eacd38b34ac1428370c4324cb846a58de6dd8b3e8237"
      }
    ]
  },
  "validation_metrics": {
    "epoch": 1.0,
    "eval_loss": 0.5780092477798462,
    "eval_runtime": 33.1962,
    "eval_samples_per_second": 150.62,
    "eval_steps_per_second": 2.38
  },
  "validation_ordered_id_sha256": "5cf139cc334aa1ad2f2afea759960ec137fd66f425e5db25872318b9dfc32a98",
  "validation_rows": null,
  "warmup_steps": 10
}
